company,page_title,no_views
Facebook,Facebook,1
Google,Google_Earth,1
Google,Google,13
Google,Google_Ads,1
Google,Google_dorkinq,2
Google,Google_tarixi,1
Microsoft,Microsoft_Excel,1
Microsoft,Microsoft_Paint,1
Microsoft,Microsoft_PowerPoint,1
Microsoft,Microsoft_Word,1
Amazon,Amazon_yağış_meşələri,1
Google,Google,1
Google,Google_Photos,1
Microsoft,Microsoft_Office,1
Microsoft,Microsoft_Windows,1
Amazon,Amazon_(компания),1
Facebook,Facebook,1
Amazon,Amazon.com,1
Google,Google_AdWords,1
Google,Google_Play,2
Amazon,Amazon_(embregerezh),1
Amazon,Amazon_(kompanija),1
Microsoft,Microsoft_Excel,1
Microsoft,Microsoft_Teams,1
Apple,Apple_Inc.,2
Amazon,Amazon_Alexa,1
Apple,Apple_M4,1
Facebook,Facebook,5
Facebook,Facebook_Messenger,1
Google,Google,1
Google,Google_Chrome,1
Google,Google_Tag_Manager,1
Microsoft,Microsoft,2
Microsoft,Microsoft_Lumia_950,1
Microsoft,Microsoft_Windows,1
Amazon,Amazon_Alexa,2
Apple,Apple_A15,1
Apple,Apple_Intelligence,1
Apple,Apple_Watch,1
Facebook,Facebook,5
Google,Google,1
Google,Google_Finance,1
Google,Google_Pixel,2
Microsoft,Microsoft,1
Microsoft,Microsoft_Windows,1
Google,Google_po_pěti_letech_dokončil_písmo_Noto,1
Google,Google,1
Microsoft,Microsoft_Windows_7,2
Google,Google,1
Google,Google_Drev,1
Amazon,Amazon,4
Amazon,Amazon.com,1
Amazon,Amazon_Echo,4
Amazon,Amazon_Freevee,1
Amazon,Amazon_Games,2
Amazon,Amazon_Web_Services,2
Apple,Apple,5
Apple,Apple_Books,1
Apple,Apple_Cinema_Display,2
Apple,Apple_Corps,1
Apple,Apple_M1_Pro,1
Apple,Apple_M3,1
Apple,Apple_M3_Max,1
Apple,Apple_M4,2
Apple,Apple_M8,1
Apple,Apple_Pippin,1
Apple,Apple_Pro_Display_XDR,1
Apple,Apple_Retail_Germany,1
Apple,Apple_TV,1
Apple,Apple_Thunderbolt_Display,2
Apple,Apple_Wallet,3
Apple,Apple_Watch,1
Facebook,Facebook,9
Google,Google,16
Google,Google_Authenticator,1
Google,Google_Baby,1
Google,Google_Books,1
Google,Google_Chrome,1
Google,Google_Fuchsia,2
Google,Google_Gemini,2
Google,Google_Glass,2
Google,Google_Kalender,1
Google,Google_LLC,11
Google,Google_Lens,1
Google,Google_Maps,3
Google,Google_News,2
Google,Google_Pixel,1
Google,Google_Tabellen,1
Microsoft,Microsoft_365,4
Microsoft,Microsoft_Bing,1
Microsoft,Microsoft_Certified_Solutions_Developer,1
Microsoft,Microsoft_Copilot,2
Microsoft,Microsoft_Dynamics_365_Business_Central,2
Microsoft,Microsoft_Edge,1
Microsoft,Microsoft_Excel,2
Microsoft,Microsoft_Exchange_Server,1
Microsoft,Microsoft_Flight_Simulator,1
Microsoft,Microsoft_Internet_Information_Services,2
Microsoft,Microsoft_Management_Console,1
Microsoft,Microsoft_Office,2
Microsoft,Microsoft_Office_2021,1
Microsoft,Microsoft_OneDrive,1
Microsoft,Microsoft_Outlook,1
Microsoft,Microsoft_Power_Automate,1
Microsoft,Microsoft_SQL_Server,3
Microsoft,Microsoft_Solitaire_Collection,1
Microsoft,Microsoft_Surface,1
Microsoft,Microsoft_Teams,4
Microsoft,Microsoft_TechNet,1
Microsoft,Microsoft_Windows,5
Microsoft,Microsoft_Windows_1.0,1
Microsoft,Microsoft_Windows_10,15
Microsoft,Microsoft_Windows_2000,1
Microsoft,Microsoft_Windows_3.0,1
Microsoft,Microsoft_Windows_CE,1
Microsoft,Microsoft_Windows_Phone,2
Microsoft,Microsoft_Windows_Phone_8,1
Microsoft,Microsoft_Windows_RT,1
Microsoft,Microsoft_Windows_Server_2003,1
Microsoft,Microsoft_Windows_Server_2008,1
Microsoft,Microsoft_Windows_Server_2008_R2,1
Microsoft,Microsoft_Windows_Server_2012,2
Microsoft,Microsoft_Word,2
Amazon,Amazon,11
Amazon,Amazon_Fire_TV,1
Amazon,Amazon_Games,1
Amazon,Amazon_Luna,1
Amazon,Amazon_Silk,1
Amazon,Amazon_Web_Services,1
Apple,Apple,2
Apple,Apple_A7,1
Apple,Apple_Arcade,2
Apple,Apple_II,1
Apple,Apple_Intelligence,1
Apple,Apple_Lisa,1
Apple,Apple_M1,1
Apple,Apple_M7,1
Apple,Apple_M8,1
Apple,Apple_Park,1
Apple,Apple_Store,1
Apple,Apple_TV,5
Apple,Apple_Vision_Pro,2
Apple,Apple_Wallet,4
Apple,Apple_Watch,4
Facebook,Facebook,12
Google,Google,14
Google,Google_AI_Mode,1
Google,Google_Docs,1
Google,Google_Earth,1
Google,Google_Fotos,1
Google,Google_Gemini,7
Google,Google_Glass,2
Google,Google_LLC,1
Google,Google_Lens,1
Google,Google_Maps,1
Google,Google_Meet,1
Google,Google_News,1
Google,Google_Pixel,1
Google,Google_Scholar,3
Google,Google_Street_View,1
Google,Google_Übersetzer,1
Microsoft,Microsoft,2
Microsoft,Microsoft_365,1
Microsoft,Microsoft_Access,1
Microsoft,Microsoft_Certified_Systems_Engineer,1
Microsoft,Microsoft_Defender,1
Microsoft,Microsoft_Dynamics,1
Microsoft,Microsoft_Edge,1
Microsoft,Microsoft_Encarta,1
Microsoft,Microsoft_Excel,3
Microsoft,Microsoft_Money,1
Microsoft,Microsoft_Office,1
Microsoft,Microsoft_Office_2019,1
Microsoft,Microsoft_OneDrive,1
Microsoft,Microsoft_Outlook,1
Microsoft,Microsoft_SQL_Server,1
Microsoft,Microsoft_Update,1
Microsoft,Microsoft_Windows,1
Microsoft,Microsoft_Windows_1.0,1
Microsoft,Microsoft_Windows_10,14
Microsoft,Microsoft_Windows_7,7
Microsoft,Microsoft_Windows_8,1
Microsoft,Microsoft_Windows_CE,1
Microsoft,Microsoft_Windows_Phone,1
Microsoft,Microsoft_Windows_Server_2008,1
Microsoft,Microsoft_Windows_Vista,1
Microsoft,Microsoft_Windows_XP,1
Google,Google_sagt_Android_Event_ab,1
Amazon,Amazon.com,1
Apple,Apple_Vision_Pro,1
Facebook,Facebook,2
Google,Google,2
Microsoft,Microsoft_Teams,1
Facebook,Facebook,1
Google,Google,2
Microsoft,Microsoft,1
Microsoft,Microsoft_Office,1
Amazon,Amazon's_Best_Books_of_the_Year,1
Amazon,Amazon.co.uk,1
Amazon,Amazon.com,3
Amazon,Amazon_(color),1
Amazon,Amazon_(company),120
Amazon,Amazon_(disambiguation),3
Amazon,Amazon_Air,7
Amazon,Amazon_Alexa,11
Amazon,Amazon_Appstore,2
Amazon,Amazon_Basin,1
Amazon,Amazon_Bullseye,1
Amazon,Amazon_Canada_First_Novel_Award,1
Amazon,Amazon_CloudFront,1
Amazon,Amazon_CloudWatch,1
Amazon,Amazon_Drive,1
Amazon,Amazon_Echo,9
Amazon,Amazon_Elastic_Compute_Cloud,6
Amazon,Amazon_Fire,1
Amazon,Amazon_Fire_HD,1
Amazon,Amazon_Fire_TV,3
Amazon,Amazon_Freevee,6
Amazon,Amazon_Fresh,3
Amazon,Amazon_Games,2
Amazon,Amazon_Go,3
Amazon,Amazon_HQ2,5
Amazon,Amazon_Instant_Video,1
Amazon,Amazon_Kindle,20
Amazon,Amazon_Kindle_devices,1
Amazon,Amazon_Lab126,1
Amazon,Amazon_Labor_Union,1
Amazon,Amazon_Lumberyard,8
Amazon,Amazon_Luna,1
Amazon,Amazon_MGM_Studios,17
Amazon,Amazon_MP3,1
Amazon,Amazon_Machine_Image,3
Amazon,Amazon_Marketplace,1
Amazon,Amazon_Mechanical_Turk,1
Amazon,Amazon_Music,1
Amazon,Amazon_Pay,1
Amazon,Amazon_Prime,16
Amazon,Amazon_Prime_Air,1
Amazon,Amazon_Prime_Video,27
Amazon,Amazon_Product_Advertising,2
Amazon,Amazon_Publishing,1
Amazon,Amazon_Q,2
Amazon,Amazon_Rainforest,1
Amazon,Amazon_Rekognition,1
Amazon,Amazon_River,20
Amazon,Amazon_S3,1
Amazon,Amazon_S3_Glacier,1
Amazon,Amazon_SageMaker,3
Amazon,Amazon_Silk,3
Amazon,Amazon_Spheres,2
Amazon,Amazon_Standard_Identification_Number,1
Amazon,Amazon_Stonehenge,1
Amazon,Amazon_Studios,1
Amazon,Amazon_Venture_oil_spill,1
Amazon,Amazon_Video,1
Amazon,Amazon_Virtual_Private_Cloud,1
Amazon,Amazon_Web_Services,41
Amazon,Amazon_basin,4
Amazon,Amazon_miniTV,1
Amazon,Amazon_molly,2
Amazon,Amazon_motoring_show,1
Amazon,Amazon_parrot,2
Amazon,Amazon_rainforest,38
Amazon,Amazon_river,1
Amazon,Amazon_river_dolphin,9
Amazon,Amazon_river_turtle,1
Amazon,Amazon_rubber_boom,1
Amazon,Amazon_weasel,2
Apple,Apple,53
Apple,Apple's_EU_tax_dispute,3
Apple,Apple_&_Onion,1
Apple,Apple_(Mother_Love_Bone_album),4
Apple,Apple_(fruit),1
Apple,Apple_(programming_language),1
Apple,Apple_(song),4
Apple,Apple_A10,5
Apple,Apple_A10X,1
Apple,Apple_A11,1
Apple,Apple_A12,3
Apple,Apple_A12X,1
Apple,Apple_A12Z,1
Apple,Apple_A12_Bionic,1
Apple,Apple_A13,4
Apple,Apple_A14,4
Apple,Apple_A14_Bionic,2
Apple,Apple_A15,8
Apple,Apple_A16,8
Apple,Apple_A16_Bionic,2
Apple,Apple_A17,7
Apple,Apple_A17_Pro,1
Apple,Apple_A18,10
Apple,Apple_A19,17
Apple,Apple_A4,4
Apple,Apple_A6,1
Apple,Apple_A8,4
Apple,Apple_A9,1
Apple,Apple_Account,1
Apple,Apple_Airpods,1
Apple,Apple_Arcade,5
Apple,Apple_Bandai_Pippin,1
Apple,Apple_Bank,1
Apple,Apple_Beer,2
Apple,Apple_Books,3
Apple,Apple_Bottoms,1
Apple,Apple_Boutique,1
Apple,Apple_Brown_Betty,2
Apple,Apple_C1,3
Apple,Apple_Campus,1
Apple,Apple_Campus_2,1
Apple,Apple_Capital_Recreation_Loop_Trail,1
Apple,Apple_CarPlay,1
Apple,Apple_Card,3
Apple,Apple_Cider_Vinegar_(TV_series),5
Apple,Apple_Cinema_Display,1
Apple,Apple_Color_Emoji,1
Apple,"Apple_Computer,_Inc._v._Microsoft_Corp.",2
Apple,Apple_Core_Image,1
Apple,Apple_Corps,5
Apple,Apple_Cup,4
Apple,Apple_Day,1
Apple,Apple_Disk_Image,2
Apple,Apple_Display_Connector,2
Apple,Apple_Event,1
Apple,Apple_File_System,5
Apple,Apple_Fire,4
Apple,Apple_Grab,1
Apple,Apple_Home,2
Apple,Apple_I,14
Apple,Apple_II,8
Apple,Apple_IIGS,3
Apple,Apple_III,2
Apple,Apple_II_(1977_computer),2
Apple,Apple_II_(original),4
Apple,Apple_II_Plus,2
Apple,Apple_II_graphics,1
Apple,Apple_II_peripheral_cards,1
Apple,Apple_II_plus,1
Apple,Apple_IIc,2
Apple,Apple_IIc_Plus,1
Apple,Apple_IIe,6
Apple,Apple_IIe_Card,2
Apple,Apple_ISO_9660_Extensions,1
Apple,Apple_Icon_Image_format,3
Apple,Apple_Image_Capture,1
Apple,Apple_Inc.,87
Apple,Apple_Inc._advertising,1
Apple,Apple_Inc._v._Samsung_Electronics_Co.,3
Apple,Apple_Infinite_Loop_campus,1
Apple,Apple_Intelligence,1
Apple,Apple_Jacks,2
Apple,Apple_Lisa,7
Apple,Apple_Lossless,1
Apple,Apple_Lossless_Audio_Codec,2
Apple,Apple_M1,23
Apple,Apple_M1_Max_and_Pro,1
Apple,Apple_M1_Ultra,1
Apple,Apple_M2,17
Apple,Apple_M3,18
Apple,Apple_M4,65
Apple,Apple_M5,64
Apple,Apple_M_series,1
Apple,Apple_MacOSX,1
Apple,Apple_Mac_Pro,1
Apple,Apple_Maps,1
Apple,Apple_Martin,12
Apple,Apple_Mighty_Mouse,1
Apple,Apple_Monitor_II,1
Apple,Apple_Motion,1
Apple,Apple_Music,10
Apple,Apple_Music_1,2
Apple,Apple_Music_100_Best_Albums,6
Apple,Apple_Music_Up_Next,1
Apple,Apple_N1,1
Apple,Apple_Network_Server,3
Apple,Apple_News,2
Apple,Apple_Newton,2
Apple,Apple_O',2
Apple,Apple_One,1
Apple,Apple_One_subscription_bundle,1
Apple,Apple_Original_Films,2
Apple,Apple_Park,13
Apple,Apple_Pay,6
Apple,Apple_PenLite,1
Apple,Apple_Pencil,3
Apple,Apple_Pencil_(2nd_generation),1
Apple,Apple_Phenomenon,1
Apple,Apple_Pie_ABC,1
Apple,Apple_Pioneer_Place,1
Apple,Apple_Pippin,1
Apple,Apple_Polishing_Cloth,1
Apple,Apple_ProRes,4
Apple,Apple_Push_Notification_service,3
Apple,Apple_Records,4
Apple,Apple_River_(Wisconsin),1
Apple,Apple_River_Fort,1
Apple,Apple_S1,1
Apple,Apple_S4,2
Apple,Apple_Safari,6
Apple,Apple_Silentype,1
Apple,Apple_Silicon,1
Apple,Apple_Software_Update,1
Apple,Apple_Store,5
Apple,Apple_Studio_Display,5
Apple,Apple_Studio_Display_(1998–2004),1
Apple,Apple_Studios,4
Apple,Apple_System_1.0,1
Apple,Apple_System_4,1
Apple,Apple_TV,26
Apple,Apple_TV+,12
Apple,Apple_TV_(disambiguation),1
Apple,Apple_TV_(streaming_service),12
Apple,Apple_TV_app,3
Apple,Apple_Thunderbolt_Display,2
Apple,Apple_Tree_Yard,1
Apple,Apple_University,2
Apple,Apple_University_Consortium,1
Apple,"Apple_Valley,_California",2
Apple,"Apple_Valley,_Minnesota",2
Apple,Apple_Valley_Airport_(California),1
Apple,Apple_Valley_High_School_(California),1
Apple,Apple_Venus_Volume_1,4
Apple,Apple_Vision,1
Apple,Apple_Vision_Pro,34
Apple,Apple_W1,1
Apple,Apple_Wallet,1
Apple,Apple_Watch,20
Apple,Apple_Watch_Series_4,1
Apple,Apple_Watch_Series_7,1
Apple,Apple_Watch_Series_8,2
Apple,Apple_Watch_Ultra,3
Apple,Apple_Watch_health_monitoring_patent_dispute,1
Apple,Apple_Workgroup_Server,1
Apple,Apple_Worldwide_Developers_Conference,1
Apple,Apple_Zapple_(Kings_Dominion),1
Apple,Apple_bobbing,6
Apple,Apple_bread,1
Apple,Apple_butter,1
Apple,Apple_cake,1
Apple,Apple_car_project,1
Apple,Apple_cider,7
Apple,Apple_cider_vinegar,3
Apple,Apple_corer,1
Apple,Apple_crisp,5
Apple,Apple_crumble,2
Apple,Apple_displays,1
Apple,Apple_fanboy,1
Apple,Apple_fritter,1
Apple,Apple_headphones,2
Apple,Apple_iPhone_3GS,1
Apple,Apple_ii_peripheral_cards,1
Apple,Apple_interactive_television_box,1
Apple,Apple_juice,1
Apple,Apple_logo,2
Apple,Apple_motion_coprocessors,5
Apple,Apple_of_Universal_Gravity,1
Apple,Apple_of_my_eye,2
Apple,Apple_operating_systems,1
Apple,Apple_pan_dowdy,1
Apple,Apple_pie,8
Apple,Apple_sauce,2
Apple,Apple_seed_oil,1
Apple,Apple_silicon,46
Apple,Apple_silicon_m1_pro,1
Apple,Apple_snail,1
Apple,Apple_speakers,2
Apple,Apple_store,1
Apple,Apple_strudel,3
Apple,Apple_supply_chain,1
Facebook,Facebook,201
Facebook,Facebook_(identifier),2
Facebook,Facebook_Aquila,3
Facebook,Facebook_Beacon,1
Facebook,Facebook_Bluetooth_Beacon,2
Facebook,Facebook_Credits,1
Facebook,Facebook_Dating,2
Facebook,Facebook_F8,1
Facebook,Facebook_Files,1
Facebook,Facebook_Gaming,2
Facebook,Facebook_Graph_Search,4
Facebook,Facebook_Home,1
Facebook,Facebook_IPO,1
Facebook,Facebook_Instant_Articles,2
Facebook,Facebook_Live,1
Facebook,Facebook_Messenger,2
Facebook,Facebook_Paper,1
Facebook,Facebook_Pixel,1
Facebook,Facebook_Platform,2
Facebook,Facebook_Query_Language,1
Facebook,Facebook_Reels,3
Facebook,Facebook_Safety_Check,2
Facebook,Facebook_Slingshot,1
Facebook,Facebook_Stories,1
Facebook,Facebook_Watch,1
Facebook,Facebook_Zero,2
Facebook,Facebook_groups,1
Facebook,Facebook_history,1
Facebook,Facebook_like_button,1
Facebook,Facebook_malware,1
Facebook,Facebook_marketplace,1
Facebook,Facebook_onion_address,4
Facebook,Facebook_pixel,1
Facebook,Facebook_real-name_policy_controversy,1
Google,Google,359
Google,Google's_Ideological_Echo_Chamber,3
Google,Google.be,1
Google,Google.com,7
Google,Google.com.mt,1
Google,Google.com.tw,1
Google,Google.ie,1
Google,Google_(disambiguation),1
Google,Google_(verb),1
Google,Google_AI,7
Google,Google_AI_Challenge,1
Google,Google_ATAP,1
Google,Google_Account,8
Google,Google_AdSense,2
Google,Google_Ad_Manager,1
Google,Google_Ads,3
Google,Google_Algorithm_updates_in_2017,1
Google,Google_Analytics,10
Google,Google_Analytics_360,1
Google,Google_App_Engine,1
Google,Google_Apps,1
Google,Google_Apps_Script,2
Google,Google_Arts_&_Culture,3
Google,Google_Assistant,17
Google,Google_Authenticator,8
Google,Google_Base,5
Google,Google_Books,7
Google,Google_Brain,6
Google,Google_Buzz,1
Google,Google_Calendar,6
Google,Google_Cast,1
Google,Google_Catalogs,1
Google,Google_Chart_API,1
Google,Google_Charts,2
Google,Google_Chat,6
Google,Google_Checkout,1
Google,Google_China,4
Google,Google_Chrome,14697
Google,Google_Chrome_App,3
Google,Google_Classroom,35
Google,Google_Cloud_(disambiguation),1
Google,Google_Cloud_Platform,24
Google,Google_Cloud_Storage,1
Google,Google_Code-in,1
Google,Google_Colab,3
Google,Google_Contact_Lens,1
Google,Google_Contacts,4
Google,Google_Container_Engine,2
Google,Google_Dataset_Search,1
Google,Google_Daydream,1
Google,Google_DeepMind,17
Google,Google_Desktop,3
Google,Google_Dictionary,1
Google,Google_Digital_Garage,2
Google,Google_Docs,21
Google,"Google_Docs,_Sheets,_and_Slides",1
Google,Google_Domains,1
Google,Google_Doodle,5
Google,Google_Drawings,1
Google,Google_Drive,65
Google,Google_Duo,1
Google,Google_Earth,83
Google,Google_Earth_Pro,2
Google,Google_F1,1
Google,Google_Feud,1
Google,Google_Fi_Wireless,1
Google,Google_Fiber,4
Google,Google_File_System,1
Google,Google_Finance,1
Google,Google_Flights,12
Google,Google_Fonts,3
Google,Google_Forms,27
Google,Google_Fuchsia,1
Google,Google_Gemini,20
Google,Google_Gemini_image_generation_controversy,1
Google,Google_Glass,5
Google,Google_Glasses,1
Google,Google_Groups,3
Google,Google_Guava,1
Google,Google_Home,2
Google,Google_Home_(smart_speaker),1
Google,Google_I/O,2
Google,Google_Images,2
Google,Google_Keep,4
Google,Google_Knowledge_Graph,1
Google,"Google_LLC_v._Oracle_America,_Inc.",4
Google,Google_Labs,1
Google,Google_Lens,9
Google,Google_Lively,1
Google,Google_Maps,75
Google,Google_Maps_pin,1
Google,Google_Meet,12
Google,Google_Messages,3
Google,Google_Mobile_Services,1
Google,Google_Native_Client,4
Google,Google_Nest,6
Google,Google_Nest_(smart_speakers),13
Google,Google_News,3
Google,Google_News_Archive,1
Google,Google_Nexus,2
Google,Google_Notebook,1
Google,Google_Now,4
Google,Google_Ocean,1
Google,Google_One,2
Google,Google_Opinion_Rewards,1
Google,Google_Optimize,1
Google,Google_Outreach,2
Google,Google_PageSpeed_Tools,1
Google,Google_Panda,5
Google,Google_Patents,2
Google,Google_Pay_(2018–2022),1
Google,Google_Pay_(payment_method),4
Google,Google_Penguin,3
Google,Google_Photos,7
Google,Google_Pinyin,1
Google,Google_Pixel,21
Google,Google_Pixel_3,1
Google,Google_Play,24
Google,Google_Play_Books,2
Google,Google_Play_Games,3
Google,Google_Play_Music,1
Google,Google_Play_Services,2
Google,Google_Play_Store,2
Google,Google_PowerMeter,2
Google,Google_Programmable_Search_Engine,1
Google,Google_Public_DNS,2
Google,Google_Reader,1
Google,Google_Safe_Browsing,1
Google,Google_Scholar,29
Google,Google_Science_Fair,1
Google,Google_Search,42
Google,Google_Search_Appliance,3
Google,Google_Search_Console,3
Google,Google_Sheets,29
Google,Google_Shopping,1
Google,Google_Sidewiki,1
Google,Google_Sites,23
Google,Google_Slides,51
Google,Google_Spaces,1
Google,Google_Spain_v_AEPD_and_Mario_Costeja_González,2
Google,Google_Stadia,6
Google,Google_Street_View,7
Google,Google_Street_View_coverage,2
Google,Google_Street_View_in_Asia,1
Google,Google_Street_View_in_Europe,2
Google,Google_Street_View_in_Israel,1
Google,Google_Street_View_in_Oceania,1
Google,Google_Street_View_in_South_America,1
Google,Google_Swiffy,1
Google,Google_TV_(operating_system),1
Google,Google_Takeout,2
Google,Google_Talk,1
Google,Google_Tasks,1
Google,Google_Tech_Mela,1
Google,Google_Tensor,1
Google,Google_Test,3
Google,Google_Translate,53
Google,Google_Travel,1
Google,Google_Trends,6
Google,Google_Veo,3
Google,Google_Video,3
Google,Google_Videos,1
Google,Google_Voice,3
Google,Google_Wallet,1
Google,Google_Wave,4
Google,Google_Web_Designer,1
Google,Google_Web_Server,1
Google,Google_Web_Toolkit,2
Google,Google_Workspace,8
Google,Google_X,2
Google,Google_barges,2
Google,Google_contact_lens,3
Google,Google_data_centers,14
Google,Google_dorking,1
Google,Google_driverless_car,2
Google,Google_earth,2
Google,Google_effect,1
Google,Google_for_Startups,1
Google,Google_hacking,11
Google,Google_litigation,6
Google,Google_logo,97
Google,Google_matrix,1
Google,Google_search,5
Google,Google_services_outages,9
Google,Google_translate,1
Google,Google_v._Oracle,1
Microsoft,Microsoft,157
Microsoft,Microsoft.com,1
Microsoft,Microsoft_365,42
Microsoft,Microsoft_365_Copilot,9
Microsoft,Microsoft_3D_Viewer,1
Microsoft,Microsoft_AI_for_Earth,1
Microsoft,Microsoft_Access,28
Microsoft,Microsoft_Active_Accessibility,1
Microsoft,Microsoft_Agent,2
Microsoft,Microsoft_App-V,1
Microsoft,Microsoft_Azure,24
Microsoft,Microsoft_BASIC,3
Microsoft,Microsoft_BackOffice_Server,2
Microsoft,Microsoft_Binary_Format,3
Microsoft,Microsoft_Bing,192
Microsoft,Microsoft_BizTalk_Server,1
Microsoft,Microsoft_Blend,1
Microsoft,Microsoft_Bob,4
Microsoft,Microsoft_Campus,1
Microsoft,Microsoft_Cinemania,1
Microsoft,Microsoft_Cognitive_Toolkit,1
Microsoft,Microsoft_Compiled_HTML_Help,4
Microsoft,Microsoft_Configuration_Manager,6
Microsoft,Microsoft_Copilot,112
Microsoft,Microsoft_Cordless_Phone_System,1
Microsoft,Microsoft_Corp._v._Commission,1
Microsoft,"Microsoft_Corp._v._Lindows.com,_Inc.",1
Microsoft,Microsoft_Corp._v._Shah,1
Microsoft,Microsoft_Corporation,3
Microsoft,Microsoft_DVLUP,1
Microsoft,Microsoft_Defender_Antivirus,3
Microsoft,Microsoft_Development_Center_Norway,1
Microsoft,Microsoft_Diagnostics,1
Microsoft,Microsoft_Digital_Crimes_Unit,1
Microsoft,Microsoft_Distributed_Transaction_Coordinator,2
Microsoft,Microsoft_Dynamics,2
Microsoft,Microsoft_Dynamics_365,14
Microsoft,Microsoft_Dynamics_NAV,1
Microsoft,Microsoft_Edge,23
Microsoft,Microsoft_Edge_(series_of_web_browsers),1
Microsoft,Microsoft_Edge_Legacy,3
Microsoft,Microsoft_Encarta,1
Microsoft,Microsoft_Enterprise_Agreement,1
Microsoft,Microsoft_Entertainment_Pack,3
Microsoft,Microsoft_Entourage,3
Microsoft,Microsoft_Entra_ID,5
Microsoft,Microsoft_Excel,136
Microsoft,Microsoft_Excel_95,1
Microsoft,Microsoft_Excel_Viewer,1
Microsoft,Microsoft_Exchange_Server,7
Microsoft,Microsoft_FUSE_Labs,1
Microsoft,Microsoft_Flight,3
Microsoft,Microsoft_Flight_Simulator,10
Microsoft,Microsoft_Flight_Simulator_(1982_video_game),3
Microsoft,Microsoft_Flight_Simulator_(1986_video_game),1
Microsoft,Microsoft_Flight_Simulator_(2020_video_game),6
Microsoft,Microsoft_Flight_Simulator_2.0,2
Microsoft,Microsoft_Flight_Simulator_2000,2
Microsoft,Microsoft_Flight_Simulator_2002,1
Microsoft,Microsoft_Flight_Simulator_2004:_A_Century_of_Flight,3
Microsoft,Microsoft_Flight_Simulator_2024,3
Microsoft,Microsoft_Flight_Simulator_3.0,1
Microsoft,Microsoft_Flight_Simulator_4.0,2
Microsoft,Microsoft_Flight_Simulator_5.0,2
Microsoft,Microsoft_Flight_Simulator_X,3
Microsoft,Microsoft_Flight_Simulator_for_Windows_95,2
Microsoft,Microsoft_Forms,7
Microsoft,Microsoft_Foundation_Class_Library,1
Microsoft,Microsoft_FreeCell,2
Microsoft,Microsoft_FrontPage,2
Microsoft,Microsoft_Game_Studios,1
Microsoft,Microsoft_Games,1
Microsoft,Microsoft_Gaming,17
Microsoft,Microsoft_Garage,1
Microsoft,Microsoft_Golf,1
Microsoft,Microsoft_Graph,1
Microsoft,Microsoft_HealthVault,1
Microsoft,Microsoft_Hearts,1
Microsoft,Microsoft_Help_Viewer,1
Microsoft,Microsoft_HoloLens,1
Microsoft,Microsoft_Home,1
Microsoft,Microsoft_Host_Integration_Server,1
Microsoft,Microsoft_ISA_Server,2
Microsoft,Microsoft_Ignite,1
Microsoft,Microsoft_India,2
Microsoft,Microsoft_InfoPath,1
Microsoft,Microsoft_Intune,6
Microsoft,Microsoft_Java_Virtual_Machine,2
Microsoft,Microsoft_Kinect,1
Microsoft,Microsoft_Language_Portal,1
Microsoft,Microsoft_Loop,2
Microsoft,Microsoft_Lumia,1
Microsoft,Microsoft_Lumia_535,1
Microsoft,Microsoft_Lumia_640,1
Microsoft,Microsoft_Lumia_950_XL,1
Microsoft,Microsoft_Management_Console,1
Microsoft,Microsoft_Math_Solver,1
Microsoft,Microsoft_Minesweeper,3
Microsoft,Microsoft_Mobile,3
Microsoft,Microsoft_Mobile_Reseller_Store,1
Microsoft,Microsoft_Money,1
Microsoft,Microsoft_Mouse,1
Microsoft,Microsoft_Music_Central,1
Microsoft,Microsoft_NetMeeting,1
Microsoft,Microsoft_Office,50
Microsoft,Microsoft_Office_2001,1
Microsoft,Microsoft_Office_2003,3
Microsoft,Microsoft_Office_2004_for_Mac,1
Microsoft,Microsoft_Office_2007,8
Microsoft,Microsoft_Office_2008_for_Mac,2
Microsoft,Microsoft_Office_2010,3
Microsoft,Microsoft_Office_2013,1
Microsoft,Microsoft_Office_2016,8
Microsoft,Microsoft_Office_2019,4
Microsoft,Microsoft_Office_2021,9
Microsoft,Microsoft_Office_2024,5
Microsoft,Microsoft_Office_2024_for_Mac,1
Microsoft,Microsoft_Office_95,1
Microsoft,Microsoft_Office_Accounting,1
Microsoft,Microsoft_Office_Groove,1
Microsoft,Microsoft_Office_Picture_Manager,6
Microsoft,Microsoft_Office_XML_formats,3
Microsoft,Microsoft_Office_XP,3
Microsoft,Microsoft_Office_for_Mac_2011,1
Microsoft,Microsoft_Office_shared_tools,1
Microsoft,Microsoft_OneDrive,1
Microsoft,Microsoft_OneNote,7
Microsoft,Microsoft_Outlook,24
Microsoft,Microsoft_POSIX_subsystem,2
Microsoft,Microsoft_Paint,31
Microsoft,Microsoft_Pay,1
Microsoft,Microsoft_Photo_Editor,1
Microsoft,Microsoft_PixelSense,1
Microsoft,Microsoft_Planner,3
Microsoft,Microsoft_Plus!,6
Microsoft,Microsoft_Plus!_for_Windows_XP,1
Microsoft,Microsoft_PowerPoint,80
Microsoft,Microsoft_PowerToys,7
Microsoft,Microsoft_Power_Automate,3
Microsoft,Microsoft_Power_BI,23
Microsoft,Microsoft_Power_Platform,4
Microsoft,Microsoft_Power_Point,1
Microsoft,Microsoft_Press,1
Microsoft,Microsoft_Project,7
Microsoft,Microsoft_Publisher,17
Microsoft,Microsoft_R_Open,1
Microsoft,Microsoft_Reader,1
Microsoft,Microsoft_Recall,1
Microsoft,Microsoft_Research,1
Microsoft,Microsoft_Reserved_Partition,2
Microsoft,Microsoft_Response_Point,1
Microsoft,Microsoft_SEAL,1
Microsoft,Microsoft_SQL_Server,5
Microsoft,Microsoft_SQL_Server_Master_Data_Services,1
Microsoft,Microsoft_SenseCam,1
Microsoft,Microsoft_SideWinder,3
Microsoft,Microsoft_Silverlight,2
Microsoft,Microsoft_Small_Basic,1
Microsoft,Microsoft_Small_Business_Financials,1
Microsoft,Microsoft_Solitaire,3
Microsoft,Microsoft_Solitaire_Collection,2
Microsoft,Microsoft_Speech_API,1
Microsoft,Microsoft_Spider_Solitaire,2
Microsoft,Microsoft_Store,10
Microsoft,Microsoft_Store_(retail),1
Microsoft,Microsoft_Stream,4
Microsoft,Microsoft_Studios,1
Microsoft,Microsoft_Surface,9
Microsoft,Microsoft_Sway,1
Microsoft,Microsoft_Tablet_PC,1
Microsoft,Microsoft_Tag,1
Microsoft,Microsoft_Tax,1
Microsoft,Microsoft_Teams,89
Microsoft,Microsoft_Technet,1
Microsoft,Microsoft_Tips,1
Microsoft,Microsoft_To_Do,1
Microsoft,Microsoft_Transaction_Server,1
Microsoft,Microsoft_Translator,3
Microsoft,Microsoft_Update_Catalog,2
Microsoft,Microsoft_Visio,10
Microsoft,Microsoft_Visual_C++,9
Microsoft,Microsoft_Visual_Studio,1
Microsoft,Microsoft_Visual_Studio_Express,2
Microsoft,Microsoft_Vizact,2
Microsoft,Microsoft_WebMatrix,1
Microsoft,Microsoft_Whiteboard,1
Microsoft,Microsoft_Windows,60
Microsoft,Microsoft_Windows_SDK,1
Microsoft,Microsoft_Windows_Small_Business_Server_2003,1
Microsoft,Microsoft_Windows_Start_menu,1
Microsoft,Microsoft_Windows_version_history,10
Microsoft,Microsoft_Word,323
Microsoft,Microsoft_WordPad,1
Microsoft,Microsoft_Works,2
Microsoft,Microsoft_Write,1
Microsoft,Microsoft_XNA,3
Microsoft,Microsoft_Xbox_Series_X,1
Microsoft,Microsoft_account,4
Microsoft,Microsoft_and_open_source,1
Microsoft,Microsoft_azure,1
Microsoft,Microsoft_basic_data_partition,1
Microsoft,Microsoft_campus,21
Microsoft,Microsoft_ergonomic_keyboards,1
Microsoft,Microsoft_family_features,1
Microsoft,Microsoft_litigation,1
Microsoft,Microsoft_office,2
Microsoft,Microsoft_text-to-speech_voices,2
Microsoft,Microsoft_v._AT&T,1
Microsoft,Microsoft_Office,13
Microsoft,Microsoft_Office/Create_a_College_Expense_Analysis_Workbook,1
Microsoft,Microsoft_Office/Create_queries_for_a_database,1
Microsoft,Microsoft_Office/Logging_In_&_Out,14
Microsoft,Microsoft_Office/Resume,1
Microsoft,Microsoft_Office/Things_to_Know_When_Saving,12
Microsoft,Microsoft_Office/Using_Graphics_and_Animations,1
Microsoft,Microsoft_Office/Windows_Version_Differences,10
Microsoft,Microsoft_Project_Crash_Course,1
Microsoft,Microsoft_SQL_Server/Table_manipulation,1
Amazon,Amazon,2
Amazon,Amazon.com,3
Amazon,Amazon_(2000_film),1
Amazon,Amazon_(chess),1
Amazon,Amazon_(company),133
Amazon,Amazon_(disambiguation),3
Amazon,Amazon_(online),1
Amazon,Amazon_Air,8
Amazon,Amazon_Alexa,12
Amazon,Amazon_Appstore,7
Amazon,Amazon_Astro,1
Amazon,Amazon_Basin,3
Amazon,Amazon_Bullseye,3
Amazon,Amazon_China,1
Amazon,Amazon_Coat,4
Amazon,Amazon_Conservation_Association,1
Amazon,Amazon_Dash,1
Amazon,Amazon_Delta,2
Amazon,Amazon_Echo,4
Amazon,Amazon_Echo_Show,3
Amazon,Amazon_Elastic_Compute_Cloud,1
Amazon,Amazon_Eve,2
Amazon,Amazon_Fire,4
Amazon,Amazon_Fire_TV,6
Amazon,Amazon_Freevee,6
Amazon,Amazon_Games,3
Amazon,Amazon_Go,1
Amazon,Amazon_HQ2,4
Amazon,Amazon_Inspire,1
Amazon,Amazon_Kindle,24
Amazon,Amazon_Kindle_devices,6
Amazon,Amazon_Kinesis,1
Amazon,Amazon_Lab126,1
Amazon,Amazon_Labor_Union,1
Amazon,Amazon_Lumberyard,6
Amazon,Amazon_Luna,7
Amazon,Amazon_MGM_Studios,39
Amazon,Amazon_MX_Player,4
Amazon,Amazon_Marketplace,2
Amazon,Amazon_Mechanical_Turk,4
Amazon,Amazon_Music,1
Amazon,Amazon_Music_Live,1
Amazon,Amazon_Obhijaan,7
Amazon,Amazon_Pay,2
Amazon,Amazon_Prime,7
Amazon,Amazon_Prime_Air,6
Amazon,Amazon_Prime_Video,78
Amazon,Amazon_Redshift,3
Amazon,Amazon_Reef,1
Amazon,Amazon_River,26
Amazon,Amazon_Robotics,1
Amazon,Amazon_S3,3
Amazon,Amazon_Silk,1
Amazon,Amazon_Simple_Queue_Service,3
Amazon,Amazon_Spheres,3
Amazon,Amazon_Studios,5
Amazon,Amazon_Trail_II,2
Amazon,Amazon_Web_Services,19
Amazon,Amazon_Women_in_the_Mood,5
Amazon,Amazon_Women_on_the_Moon,13
Amazon,Amazon_and_trade_unions,2
Amazon,Amazon_basin,5
Amazon,Amazon_biome,1
Amazon,Amazon_hocicudo,1
Amazon,Amazon_leaffish,1
Amazon,Amazon_miniTV,2
Amazon,Amazon_natural_region,1
Amazon,Amazon_position,2
Amazon,Amazon_rainforest,49
Amazon,Amazon_river_dolphin,8
Amazon,Amazon_rubber_cycle,3
Amazon,Amazon_satellite_constellation,1
Amazon,Amazon_statue_types,1
Amazon,Amazon_tax_avoidance,3
Amazon,Amazon_vs._Reliance_Group,1
Apple,Apple,53
Apple,Apple's_EU_tax_dispute,1
Apple,Apple's_Way,2
Apple,Apple_(A._G._Cook_album),1
Apple,Apple_(Mother_Love_Bone_album),2
Apple,Apple_(disambiguation),1
Apple,Apple_(song),6
Apple,Apple_(symbolism),2
Apple,Apple_A10X,2
Apple,Apple_A10_Fusion,1
Apple,Apple_A11,3
Apple,Apple_A11_Bionic,2
Apple,Apple_A12,2
Apple,Apple_A12X,4
Apple,Apple_A12Z,2
Apple,Apple_A13,3
Apple,Apple_A13_Bionic,2
Apple,Apple_A14,6
Apple,Apple_A15,12
Apple,Apple_A15_Bionic,1
Apple,Apple_A16,13
Apple,Apple_A17,14
Apple,Apple_A17_Pro,3
Apple,Apple_A18,8
Apple,Apple_A18_Pro,3
Apple,Apple_A19,14
Apple,Apple_A4,4
Apple,Apple_A5,1
Apple,Apple_A7,2
Apple,Apple_A8,2
Apple,Apple_A9,3
Apple,Apple_Arcade,4
Apple,Apple_AudioVision_14_Display,1
Apple,Apple_Bank,1
Apple,Apple_Books,4
Apple,Apple_Bottoms,6
Apple,Apple_C1,1
Apple,Apple_Campus,8
Apple,Apple_Card,3
Apple,Apple_Center_Stage,3
Apple,Apple_Cider_Vinegar_(TV_series),17
Apple,Apple_Cinema_Display,3
Apple,Apple_Cinemas,1
Apple,Apple_Company,1
Apple,Apple_Computer,3
Apple,Apple_Corps,17
Apple,Apple_Corps_v_Apple_Computer,11
Apple,Apple_Crumble_(song),1
Apple,Apple_Cup,1
Apple,Apple_Cyclone,1
Apple,Apple_Daily,1
Apple,Apple_Daily_(Taiwan),1
Apple,Apple_Day,2
Apple,Apple_Design_Awards,1
Apple,Apple_Electronics,1
Apple,Apple_Fifth_Avenue,2
Apple,Apple_File_System,5
Apple,Apple_Home,2
Apple,Apple_I,18
Apple,Apple_ID,1
Apple,Apple_II,26
Apple,Apple_IIGS,6
Apple,Apple_III,6
Apple,Apple_III_Plus,2
Apple,Apple_II_(1977_computer),3
Apple,Apple_II_(original),8
Apple,Apple_II_Plus,2
Apple,Apple_II_serial_cards,1
Apple,Apple_IIc,2
Apple,Apple_IIc_Plus,1
Apple,Apple_IIe,5
Apple,Apple_IIe_Card,1
Apple,Apple_Inc,2
Apple,Apple_Inc.,167
Apple,Apple_Inc._advertising,1
Apple,Apple_Inc._design_motifs,1
Apple,Apple_Inc._litigation,1
Apple,Apple_Inc._v._Samsung_Electronics_Co.,2
Apple,Apple_Industrial_Design_Group,1
Apple,Apple_Infinite_Loop_campus,1
Apple,Apple_Intelligence,10
Apple,Apple_Jacks,4
Apple,Apple_Leisure_Group,1
Apple,Apple_Lisa,21
Apple,Apple_Lossless_Audio_Codec,1
Apple,Apple_M1,18
Apple,Apple_M2,10
Apple,Apple_M3,22
Apple,Apple_M4,49
Apple,Apple_M5,57
Apple,Apple_Macintosh,2
Apple,Apple_Mail,3
Apple,Apple_Maps,2
Apple,Apple_Martin,67
Apple,Apple_Mighty_Mouse,1
Apple,Apple_Music,10
Apple,Apple_Music_1,2
Apple,Apple_Music_100_Best_Albums,17
Apple,Apple_Music_Festival,1
Apple,Apple_Network_Server,2
Apple,Apple_News,2
Apple,Apple_Newton,6
Apple,Apple_One,1
Apple,Apple_Panic,1
Apple,Apple_Park,27
Apple,Apple_Pascal,1
Apple,Apple_Pay,4
Apple,Apple_Pencil,5
Apple,Apple_Pencil_Pro,1
Apple,Apple_Pippin,8
Apple,Apple_Podcasts,2
Apple,Apple_Polishing_Cloth,1
Apple,Apple_ProDOS,2
Apple,Apple_ProFile,3
Apple,Apple_ProRes,1
Apple,Apple_QuickTake,1
Apple,Apple_Quick_Look,1
Apple,Apple_Records,16
Apple,Apple_Records_discography,1
Apple,Apple_River_(Wisconsin),2
Apple,Apple_S1,1
Apple,Apple_S2,2
Apple,Apple_S3,3
Apple,Apple_S9,1
Apple,Apple_SIM,1
Apple,Apple_SOS,2
Apple,Apple_Software_Update,1
Apple,Apple_Store,11
Apple,Apple_Store_(retail),1
Apple,Apple_Studio_Display,14
Apple,Apple_Studio_Display_(1998–2004),2
Apple,Apple_Studios,10
Apple,Apple_T1,1
Apple,Apple_T2,1
Apple,Apple_TV,37
Apple,Apple_TV+,25
Apple,Apple_TV_(disambiguation),3
Apple,Apple_TV_(streaming_service),26
Apple,Apple_TV_4K,1
Apple,Apple_TV_Software_7,1
Apple,Apple_TV_app,9
Apple,Apple_T_series,1
Apple,Apple_Thunderbolt_Display,6
Apple,Apple_Tree_Yard,4
Apple,Apple_True_Tone,1
Apple,Apple_U1,1
Apple,Apple_University,2
Apple,"Apple_Valley,_California",18
Apple,"Apple_Valley,_Minnesota",1
Apple,Apple_Valley_Inn,1
Apple,Apple_Vision_Pro,45
Apple,Apple_Wallet,4
Apple,Apple_Wassail,1
Apple,Apple_Watch,33
Apple,Apple_Watch_Series_5,1
Apple,Apple_Watch_Ultra,2
Apple,Apple_WebKit,3
Apple,Apple_Wireless_Keyboard,1
Apple,Apple_Wireless_Mouse,1
Apple,Apple_Worldwide_Developers_Conference,2
Apple,Apple_Zapple_(Kings_Dominion),1
Apple,Apple_bobbing,5
Apple,Apple_butter,3
Apple,Apple_cake,1
Apple,Apple_car_project,4
Apple,Apple_chip,1
Apple,Apple_cider,14
Apple,Apple_cider_cookie,1
Apple,Apple_cider_vinegar,7
Apple,Apple_community,1
Apple,Apple_computer,1
Apple,Apple_crisp,14
Apple,Apple_displays,2
Apple,Apple_dumpling,1
Apple,Apple_headphones,4
Apple,Apple_iPad_2,1
Apple,Apple_juice,3
Apple,Apple_keyboards,2
Apple,Apple_logo,3
Apple,Apple_maggot,3
Apple,Apple_motion_coprocessors,10
Apple,Apple_of_Discord,7
Apple,Apple_of_My_Eye_(song),1
Apple,Apple_of_Sodom_(song),1
Apple,Apple_of_my_eye,2
Apple,Apple_pie,4
Apple,Apple_sauce,3
Apple,Apple_scruffs,1
Apple,Apple_silicon,42
Apple,Apple_snail,5
Apple,Apple_strudel,6
Facebook,Facebook,539
Facebook,Facebook_(identifier),5
Facebook,Facebook_Class_A_Inc,1
Facebook,Facebook_Dating,1
Facebook,Facebook_F8,1
Facebook,Facebook_Football_Awards,3
Facebook,Facebook_Gaming,1
Facebook,Facebook_Home,2
Facebook,Facebook_Instant_Articles,1
Facebook,Facebook_Messenger,27
Facebook,Facebook_Platform,1
Facebook,Facebook_Safety_Check,1
Facebook,Facebook_Wall,1
Facebook,Facebook_Watch,2
Facebook,Facebook_Zero,2
Facebook,Facebook_like_button,1
Facebook,Facebook_malware,2
Facebook,Facebook_murder,1
Facebook,Facebook_onion_address,4
Google,Google,470
Google,Google.com,2
Google,Google.con,1
Google,Google.hk,1
Google,Google.org,1
Google,Google.pl,1
Google,Google_(disambiguation),3
Google,Google_AI,2
Google,Google_ATAP,4
Google,Google_Account,3
Google,Google_AdSense,9
Google,Google_Ad_Manager,2
Google,Google_Ads,11
Google,Google_Analytics,1
Google,Google_Artificial_Intelligence,1
Google,Google_Arts_and_Culture,1
Google,Google_Assistant,15
Google,Google_Authenticator,5
Google,Google_Base,2
Google,Google_Book_Search,1
Google,Google_Books,4
Google,Google_Books_Ngram_Viewer,2
Google,Google_Brain,3
Google,Google_Business_Profile,1
Google,Google_Buzz,2
Google,Google_Calendar,3
Google,Google_Chat,1
Google,Google_China,1
Google,Google_Chrome,443
Google,Google_Chrome_App,5
Google,Google_Chrome_Experiments,1
Google,Google_Chrome_for_Android,1
Google,Google_Classroom,16
Google,Google_Cloud_Platform,7
Google,Google_Cloud_Shell,2
Google,Google_Code,1
Google,Google_Colab,2
Google,Google_Contact_Lens,1
Google,Google_Contacts,1
Google,Google_Dashboard,1
Google,Google_Dataset_Search,1
Google,Google_Daydream,9
Google,Google_DeepMind,21
Google,Google_Desktop,1
Google,Google_Developers,1
Google,Google_Digital_Garage,1
Google,Google_Docs,49
Google,Google_Domains,1
Google,Google_Doodle,13
Google,Google_Drive,32
Google,Google_Duo,1
Google,Google_Earth,73
Google,Google_Earth_Outreach,1
Google,Google_Fast_Flip,1
Google,Google_Fi_Wireless,2
Google,Google_Fiber,2
Google,Google_Finance,3
Google,Google_Fit,1
Google,Google_Flights,8
Google,Google_Forms,28
Google,Google_Gemini,105
Google,Google_Gemini_image_generation_controversy,1
Google,Google_Glass,10
Google,Google_Goggles,1
Google,Google_Groups,1
Google,Google_Hangouts,11
Google,Google_Health,1
Google,Google_Home,2
Google,Google_Home_(platform),1
Google,Google_I/O,1
Google,Google_Images,16
Google,Google_Input_Tools,1
Google,Google_Japanese_Input,1
Google,Google_Keep,6
Google,Google_King's_Cross,1
Google,Google_LLC,1
Google,"Google_LLC_v._Oracle_America,_Inc.",1
Google,Google_Lens,33
Google,Google_Maps,64
Google,Google_Mars,1
Google,Google_Me_(Teyana_Taylor_song),2
Google,Google_Meet,13
Google,Google_Messages,9
Google,Google_Mobile_Services,2
Google,Google_Nest,10
Google,Google_Nest_(smart_speakers),2
Google,Google_News,5
Google,Google_Nexus,14
Google,Google_Now,1
Google,Google_One,1
Google,Google_Opinion_Rewards,8
Google,Google_Page_Creator,1
Google,Google_Pay,1
Google,Google_Pay_(mobile_app),6
Google,Google_Pay_(payment_method),36
Google,Google_Pay_Send,1
Google,Google_Photos,42
Google,Google_Pixel,31
Google,Google_Pixel_Watch,1
Google,Google_Play,191
Google,Google_Play_Books,1
Google,Google_Play_Games,1
Google,Google_Play_Music,1
Google,Google_Play_Services,9
Google,Google_Podcasts,1
Google,Google_Programmable_Search_Engine,3
Google,Google_Public_DNS,2
Google,Google_Question_Hub,1
Google,Google_Real-Time_Search,1
Google,Google_Registry,1
Google,Google_Santa_Tracker,1
Google,Google_Scholar,52
Google,Google_Search,62
Google,Google_Sheets,5
Google,Google_Shopping,1
Google,Google_Sites,11
Google,Google_Slides,4
Google,Google_Stadia,19
Google,Google_Starline,1
Google,Google_Street_View,7
Google,Google_Street_View_coverage,2
Google,Google_Student_Ambassador_Program,1
Google,Google_TV_(operating_system),5
Google,Google_TV_Streamer,1
Google,Google_Takeout,6
Google,Google_Tasks,1
Google,Google_Tensor,1
Google,Google_Tensor_G2,1
Google,Google_Translate,156
Google,Google_Trends,6
Google,Google_URL_Shortener,4
Google,Google_Veo,1
Google,Google_Video,5
Google,Google_Vids,1
Google,Google_Voice,13
Google,Google_Wallet,3
Google,Google_Wave,4
Google,Google_Workspace,9
Google,Google_X,3
Google,Google_barges,3
Google,Google_bombing,1
Google,Google_data_centers,24
Google,Google_forms,1
Google,Google_hacking,13
Google,Google_hit,1
Google,Google_litigation,3
Google,Google_logo,18
Google,Google_maps,1
Google,Google_photos,1
Google,Google_self-driving_car,1
Google,Google_services_outages,10
Google,Google_worker_organization,1
Microsoft,Microsoft,95
Microsoft,Microsoft_365,16
Microsoft,Microsoft_365_Copilot,1
Microsoft,Microsoft_3D_Viewer,1
Microsoft,Microsoft_Academic,8
Microsoft,Microsoft_Access,12
Microsoft,Microsoft_Agent,1
Microsoft,Microsoft_Azure,6
Microsoft,Microsoft_BASIC,2
Microsoft,Microsoft_BackOffice_Server,1
Microsoft,Microsoft_Baseball_3D_1998_Edition,1
Microsoft,Microsoft_Binary_Format,1
Microsoft,Microsoft_Binder,1
Microsoft,Microsoft_Bing,29
Microsoft,Microsoft_Bob,3
Microsoft,Microsoft_Bookshelf,2
Microsoft,Microsoft_Campus,5
Microsoft,Microsoft_Configuration_Manager,1
Microsoft,Microsoft_Copilot,27
Microsoft,Microsoft_Defender_Antivirus,3
Microsoft,Microsoft_Developer_Network,2
Microsoft,Microsoft_Dynamics_365,2
Microsoft,Microsoft_Edge,7
Microsoft,Microsoft_Entra_ID,1
Microsoft,Microsoft_Excel,24
Microsoft,Microsoft_Excel_Collegiate_Challenge,1
Microsoft,Microsoft_Exchange_Server,3
Microsoft,Microsoft_Expression_Web,1
Microsoft,Microsoft_Flight_Simulator,7
Microsoft,Microsoft_Flight_Simulator_(1982_video_game),3
Microsoft,Microsoft_Flight_Simulator_(2020_video_game),2
Microsoft,Microsoft_Flight_Simulator_2002,1
Microsoft,Microsoft_Flight_Simulator_2024,2
Microsoft,Microsoft_Flight_Simulator_3.0,1
Microsoft,Microsoft_Flight_Simulator_4.0,1
Microsoft,Microsoft_Flight_Simulator_5.0,1
Microsoft,Microsoft_Flight_Simulator_X,4
Microsoft,Microsoft_Flight_Simulator_for_Windows_95,2
Microsoft,Microsoft_Flow,1
Microsoft,Microsoft_Forms,1
Microsoft,Microsoft_Foundation_Class_Library,3
Microsoft,Microsoft_FreeCell,1
Microsoft,Microsoft_FrontPage,2
Microsoft,Microsoft_Game_Studios,2
Microsoft,Microsoft_Gaming,12
Microsoft,Microsoft_Golf,1
Microsoft,Microsoft_Golf_1998_Edition,1
Microsoft,Microsoft_Golf_1999_Edition,2
Microsoft,Microsoft_Golf_2001_Edition,1
Microsoft,Microsoft_Hearts,2
Microsoft,Microsoft_HoloLens,1
Microsoft,Microsoft_India,2
Microsoft,Microsoft_InfoPath,1
Microsoft,Microsoft_Intune,2
Microsoft,Microsoft_Java_Virtual_Machine,1
Microsoft,Microsoft_Launcher,2
Microsoft,Microsoft_Learn,2
Microsoft,Microsoft_Macro_Assembler,3
Microsoft,Microsoft_Minesweeper,3
Microsoft,Microsoft_Mobile,5
Microsoft,Microsoft_Money,1
Microsoft,Microsoft_Most_Valuable_Professional,1
Microsoft,Microsoft_Office,36
Microsoft,Microsoft_Office_2000,1
Microsoft,Microsoft_Office_2003,3
Microsoft,Microsoft_Office_2007,4
Microsoft,Microsoft_Office_2010,4
Microsoft,Microsoft_Office_2013,4
Microsoft,Microsoft_Office_2016,7
Microsoft,Microsoft_Office_2019,8
Microsoft,Microsoft_Office_2021,9
Microsoft,Microsoft_Office_2024,3
Microsoft,Microsoft_Office_Mobile,1
Microsoft,Microsoft_Office_for_Mac_2011,1
Microsoft,Microsoft_Office_password_protection,1
Microsoft,Microsoft_OneNote,5
Microsoft,Microsoft_Outlook,9
Microsoft,Microsoft_Outlook_(mobile_app),1
Microsoft,Microsoft_POSIX_subsystem,1
Microsoft,Microsoft_Paint,13
Microsoft,Microsoft_Pinball_Arcade,1
Microsoft,Microsoft_PixelSense,2
Microsoft,Microsoft_Planner,3
Microsoft,Microsoft_Plus!,3
Microsoft,Microsoft_PowerPoint,23
Microsoft,Microsoft_Power_BI,7
Microsoft,Microsoft_Power_Fx,1
Microsoft,Microsoft_Power_Platform,4
Microsoft,Microsoft_Project,7
Microsoft,Microsoft_Publisher,3
Microsoft,Microsoft_Research,2
Microsoft,Microsoft_Return_of_Arcade,1
Microsoft,Microsoft_SQL_Server,2
Microsoft,Microsoft_ScanDisk,1
Microsoft,Microsoft_Security_Development_Lifecycle,2
Microsoft,Microsoft_SharePoint_Designer,1
Microsoft,Microsoft_Silverlight,1
Microsoft,Microsoft_Solitaire,1
Microsoft,Microsoft_Solitaire_Collection,1
Microsoft,Microsoft_Start,1
Microsoft,Microsoft_Store,4
Microsoft,Microsoft_Store_(retail),1
Microsoft,Microsoft_Surface,7
Microsoft,Microsoft_Sway,2
Microsoft,Microsoft_SwiftKey,2
Microsoft,Microsoft_Systems_Journal,1
Microsoft,Microsoft_Tag,1
Microsoft,Microsoft_Talo,1
Microsoft,Microsoft_Teams,13
Microsoft,Microsoft_Theater,1
Microsoft,Microsoft_To_Do,1
Microsoft,Microsoft_Train_Simulator,3
Microsoft,Microsoft_Translator,1
Microsoft,Microsoft_Ultimate_Word_Games,2
Microsoft,Microsoft_V-Chat,1
Microsoft,Microsoft_Virtual_Server,1
Microsoft,Microsoft_Visio,3
Microsoft,Microsoft_Visual_SourceSafe,1
Microsoft,Microsoft_Visual_Studio,1
Microsoft,Microsoft_Visual_Studio_Express,1
Microsoft,Microsoft_Windows,73
Microsoft,Microsoft_Windows_version_history,6
Microsoft,Microsoft_Word,42
Microsoft,Microsoft_Word_98,1
Microsoft,Microsoft_Works,2
Microsoft,Microsoft_Write,1
Microsoft,Microsoft_XNA,1
Microsoft,Microsoft_account,3
Microsoft,Microsoft_acquisition_hoax,1
Microsoft,Microsoft_campus,6
Microsoft,Microsoft_hardware,1
Microsoft,Microsoft_litigation,1
Microsoft,Microsoft_surface,1
Microsoft,Microsoft_teams,1
Microsoft,Microsoft_text-to-speech_voices,7
Microsoft,Microsoft_Office,14
Microsoft,Microsoft_Office/Create_a_basic_two_table_database_with_reports,1
Microsoft,Microsoft_Office/Logging_In_&_Out,17
Microsoft,Microsoft_Office/Things_to_Know_When_Saving,17
Microsoft,Microsoft_Office/Windows_Version_Differences,22
Microsoft,Microsoft_SQL_Server/System_databases,2
Microsoft,Microsoft_SQL_Server/Table_manipulation,1
Apple,Apple_updates_iMac_line,1
Google,Google_purchases_YouTube_for_$1.65_billion,2
Microsoft,Microsoft_to_licence_Windows_source_code,1
Apple,Apple_Inc.,1
Microsoft,Microsoft_v._AT&T,21
Apple,Apple_Valley_(Minnesota),1
Apple,Apple_Computer_CEO_Steve_Jobs_gives_opening_keynote_to_WWDC_2005,1
Google,Google_shuts_down_Google_News_Spain,1
Microsoft,Microsoft_develops_anti-virus_product,1
Google,Google,2
Microsoft,Microsoft_Bing,1
Microsoft,Microsoft_v._AT&T,15
Facebook,Facebook_whistleblower_Frances_Haugen_says,1
Microsoft,Microsoft_Office,2
Microsoft,Microsoft_Office/Word,1
Microsoft,Microsoft_Technology_Associate,1
Microsoft,Microsoft_Windows,1
Amazon,Amazon,5
Amazon,Amazon_Alexa,1
Amazon,Amazon_Fire_TV,1
Amazon,Amazon_Web_Services,2
Apple,Apple,5
Apple,Apple_A5,1
Apple,Apple_I,2
Apple,Apple_II,1
Apple,Apple_Intelligence,1
Apple,Apple_Music,1
Apple,Apple_Silicon,1
Apple,Apple_Store,2
Apple,Apple_TV_(aplicación),2
Apple,Apple_TV_(servicio_de_streaming),1
Apple,Apple_Vision_Pro,1
Apple,Apple_Watch,1
Apple,Apple_contra_Samsung_Electronics,1
Facebook,Facebook,27
Google,Google,33
Google,Google_Académico,9
Google,Google_Ads,2
Google,Google_App_Engine,1
Google,Google_Books,1
Google,Google_Calendar,1
Google,Google_Chrome,4
Google,Google_Chromecast,1
Google,Google_Classroom,7
Google,Google_DeepMind,1
Google,Google_Drive,4
Google,Google_Earth,1
Google,Google_Fonts,1
Google,Google_Fotos,4
Google,Google_Imágenes,1
Google,Google_Maps,6
Google,Google_Play,3
Google,Google_Play_Books,1
Google,Google_Sites,4
Google,Google_Trends,1
Microsoft,Microsoft,2
Microsoft,Microsoft_.NET,2
Microsoft,Microsoft_365,2
Microsoft,Microsoft_Bing,1
Microsoft,Microsoft_Copilot,1
Microsoft,Microsoft_Cortana,2
Microsoft,Microsoft_Excel,7
Microsoft,Microsoft_Flight_Simulator_2024,1
Microsoft,Microsoft_JhengHei,1
Microsoft,Microsoft_Office,4
Microsoft,Microsoft_Office_2016,1
Microsoft,Microsoft_Office_2019,4
Microsoft,Microsoft_OneDrive,1
Microsoft,Microsoft_Outlook,3
Microsoft,Microsoft_Paint,2
Microsoft,Microsoft_PowerPoint,6
Microsoft,Microsoft_Project,4
Microsoft,Microsoft_Publisher,2
Microsoft,Microsoft_Tablet_PC,1
Microsoft,Microsoft_Teams,2
Microsoft,Microsoft_Visio,1
Microsoft,Microsoft_Windows,5
Microsoft,Microsoft_Word,5
Amazon,Amazon,10
Amazon,Amazon_Alexa,5
Amazon,Amazon_Fresh,1
Amazon,Amazon_Kindle,5
Amazon,Amazon_Kindle_Fire,1
Amazon,Amazon_MGM_Studios,1
Amazon,Amazon_Music,1
Amazon,Amazon_Prime_Video,3
Amazon,Amazon_Silk,2
Amazon,Amazon_Web_Services,2
Apple,Apple,18
Apple,Apple_A16,1
Apple,Apple_Brook,1
Apple,Apple_Corps,1
Apple,Apple_Fifth_Avenue,1
Apple,Apple_I,2
Apple,Apple_II,1
Apple,Apple_II_original,2
Apple,Apple_Inc.,1
Apple,Apple_Lossless,1
Apple,Apple_Macintosh,1
Apple,Apple_Martin,5
Apple,Apple_Mouse,1
Apple,Apple_News,1
Apple,Apple_Park,2
Apple,Apple_Pay,1
Apple,Apple_Pie,1
Apple,Apple_Push_Notification_Service,1
Apple,Apple_TV,1
Apple,Apple_TV+,2
Apple,Apple_TV_(aplicación),1
Apple,Apple_Watch,3
Apple,Apple_Watch_SE,1
Facebook,Facebook,77
Facebook,Facebook_Messenger,1
Facebook,Facebook_Watch,3
Google,Google,34
Google,Google_Académico,1
Google,Google_AdSense,1
Google,Google_Alerts,1
Google,Google_Authenticator,1
Google,Google_Brain,1
Google,Google_Calendar,4
Google,Google_China,1
Google,Google_Chrome,7
Google,Google_Chromecast,2
Google,Google_Classroom,3
Google,Google_Earth,6
Google,Google_Fotos,9
Google,Google_Gemini,2
Google,Google_Hangouts,1
Google,Google_Libros,1
Google,Google_Maps,12
Google,Google_Meet,5
Google,Google_Nexus,5
Google,Google_Now,3
Google,Google_Pay,1
Google,Google_Pay_Send,1
Google,Google_Pixel,2
Google,Google_Play,16
Google,Google_Play_Juegos,5
Google,Google_Sites,4
Google,Google_Street_View,1
Google,Google_Transit,1
Google,Google_Videos,1
Microsoft,Microsoft,8
Microsoft,Microsoft_365,2
Microsoft,Microsoft_Access,4
Microsoft,Microsoft_Accounting,1
Microsoft,Microsoft_Azure,2
Microsoft,Microsoft_Cortana,2
Microsoft,Microsoft_Edge,5
Microsoft,Microsoft_Encarta,6
Microsoft,Microsoft_Excel,11
Microsoft,Microsoft_Exchange_Server,1
Microsoft,Microsoft_Flight_Simulator_(videojuego_de_2020),1
Microsoft,Microsoft_Flight_Simulator_X,1
Microsoft,Microsoft_FrontPage,1
Microsoft,Microsoft_Office,19
Microsoft,Microsoft_Office_2003,1
Microsoft,Microsoft_Office_2007,1
Microsoft,Microsoft_Office_2010,2
Microsoft,Microsoft_Office_2013,1
Microsoft,Microsoft_Office_2016,2
Microsoft,Microsoft_Office_2019,3
Microsoft,Microsoft_Office_2021,2
Microsoft,Microsoft_Office_2024,1
Microsoft,Microsoft_Office_365,1
Microsoft,Microsoft_OneDrive,1
Microsoft,Microsoft_OneNote,2
Microsoft,Microsoft_Outlook,9
Microsoft,Microsoft_Paint,3
Microsoft,Microsoft_PhotoDraw,1
Microsoft,Microsoft_Photo_Editor,1
Microsoft,Microsoft_PowerPoint,13
Microsoft,Microsoft_Project,2
Microsoft,Microsoft_Publisher,1
Microsoft,Microsoft_SQL_Server,1
Microsoft,Microsoft_SharePoint,2
Microsoft,Microsoft_Surface,1
Microsoft,Microsoft_Teams,2
Microsoft,Microsoft_Visual_Studio,1
Microsoft,Microsoft_Windows,12
Microsoft,Microsoft_Word,17
Facebook,Facebook,1
Google,Google,1
Apple,Apple_DOS,1
Facebook,Facebook_Messenger,1
Google,Google,2
Google,Google_(hakukone),1
Google,Google_Glass,1
Microsoft,Microsoft_Copilot,1
Microsoft,Microsoft_Windows,1
Amazon,Amazon.com,1
Amazon,Amazon_Kindle,1
Apple,Apple_I,1
Apple,Apple_Macintosh,1
Apple,Apple_Magic_Mouse,2
Facebook,Facebook,4
Google,Google_AI,1
Google,Google_Buzz,1
Google,Google_Kääntäjä,2
Google,Google_Play,1
Microsoft,Microsoft_Windows,1
Amazon,Amazon,1
Amazon,Amazon_Standard_Identification_Number,1
Apple,Apple,1
Apple,Apple_Display_Connector,1
Apple,Apple_Lisa,1
Apple,Apple_M2_Pro,1
Apple,Apple_M3,1
Apple,Apple_M4,1
Apple,Apple_Pay,1
Apple,Apple_Records,1
Apple,Apple_silicon,1
Facebook,Facebook,3
Facebook,Facebook_Messenger,3
Google,Google,6
Google,Google_(moteur_de_recherche),2
Google,Google_Actualités,2
Google,Google_Authenticator,1
Google,Google_Chat,2
Google,Google_Chrome,1
Google,Google_Cloud_Platform,1
Google,Google_Earth,2
Google,Google_Glass,1
Google,Google_Keep,2
Google,Google_My_Business,1
Google,Google_Play,1
Google,Google_Wave,1
Google,Google_Workspace,1
Microsoft,Microsoft,6
Microsoft,Microsoft_Bing,1
Microsoft,Microsoft_Copilot,2
Microsoft,Microsoft_Exchange_Server,1
Microsoft,Microsoft_Office,2
Microsoft,Microsoft_Office_2016,1
Microsoft,Microsoft_Office_2021,1
Microsoft,Microsoft_Office_365,1
Microsoft,Microsoft_Outlook,3
Microsoft,Microsoft_PowerPoint,1
Microsoft,Microsoft_Project,1
Microsoft,Microsoft_SQL_Server,1
Microsoft,Microsoft_SharePoint,2
Microsoft,Microsoft_Word,1
Amazon,Amazon,3
Amazon,Amazon_Alexa,1
Amazon,Amazon_MGM_Studios,1
Amazon,Amazon_Web_Services,1
Apple,Apple,3
Apple,Apple_CarPlay,2
Apple,Apple_II,1
Apple,Apple_Intelligence,1
Apple,Apple_M4,1
Apple,Apple_Music,1
Apple,Apple_One,1
Apple,Apple_Park,1
Apple,Apple_Pay,1
Apple,Apple_Studios,3
Apple,Apple_TV+,1
Apple,Apple_vs_Samsung_Electronics,2
Facebook,Facebook,41
Facebook,Facebook_Messenger,1
Google,Google,7
Google,Google.com,1
Google,Google_(moteur_de_recherche),3
Google,Google_Actualités,4
Google,Google_Authenticator,1
Google,Google_Chat,4
Google,Google_Chrome,2
Google,Google_Doodle,1
Google,Google_Lens,2
Google,Google_Maps,2
Google,Google_Photos,1
Google,Google_Pixel,1
Google,Google_Street_View,2
Google,Google_Traduction,5
Google,Google_Wallet,1
Microsoft,Microsoft,6
Microsoft,Microsoft_.NET,1
Microsoft,Microsoft_Band,1
Microsoft,Microsoft_Bing,1
Microsoft,Microsoft_Copilot,1
Microsoft,Microsoft_Excel,1
Microsoft,"Microsoft_Flight_Simulator_(jeu_vidéo,_2020)",3
Microsoft,Microsoft_Flight_Simulator_2024,1
Microsoft,Microsoft_Outlook,1
Microsoft,Microsoft_Power_Automate,2
Microsoft,Microsoft_Power_BI,1
Microsoft,Microsoft_SQL_Server,1
Microsoft,Microsoft_Teams,1
Microsoft,Microsoft_Windows,3
Microsoft,Microsoft_Word,3
Microsoft,Microsoft_Azure,1
Google,Google_Play,8
Google,Google_(tvrtka),2
Google,Google_prevoditelj,1
Amazon,Amazon_Kindle,1
Apple,Apple_Fordító,1
Apple,Apple_Watch,1
Facebook,Facebook,4
Google,Google_Kína,1
Google,Google_LLC,1
Google,Google_Maps,1
Google,Google_Utcakép,1
Microsoft,Microsoft_Copilot,1
Amazon,Amazon.com,2
Apple,Apple_IIGS,1
Apple,Apple_IIe_Platinum,1
Facebook,Facebook,4
Google,Google_LLC,1
Google,Google_Now,1
Google,Google_Play,1
Microsoft,Microsoft_PowerPoint,1
Amazon,Amazon_(perusahaan),2
Apple,Apple_Inc.,2
Apple,Apple_M1,1
Apple,Apple_TV,1
Facebook,Facebook,2
Google,Google,11
Google,Google_AdWords,1
Google,Google_Arts_&_Culture,1
Google,Google_Chrome,5
Google,Google_Dokumen,2
Google,Google_Drive,4
Google,Google_Finance,1
Google,Google_Forms,1
Google,Google_My_Business,1
Google,Google_Street_View,2
Google,Google_Terjemahan,1
Microsoft,Microsoft,1
Microsoft,Microsoft_Access,1
Microsoft,Microsoft_Bing,1
Microsoft,Microsoft_Excel,6
Microsoft,Microsoft_Lumia,1
Microsoft,Microsoft_PowerPoint,3
Microsoft,Microsoft_Store,1
Microsoft,Microsoft_Windows,1
Microsoft,Microsoft_Word,5
Amazon,Amazon_Bullseye,1
Apple,Apple_Inc.,5
Apple,Apple_Park,2
Apple,Apple_Store,1
Facebook,Facebook,44
Google,Google,48
Google,Google_Buku,3
Google,Google_Cendekia,2
Google,Google_Chrome,8
Google,Google_Classroom,1
Google,Google_Dokumen,2
Google,Google_Doodle,1
Google,Google_Drive,1
Google,Google_Earth,1
Google,Google_Forms,1
Google,Google_Foto,6
Google,Google_Glass,1
Google,Google_Lens,4
Google,Google_Maps,2
Google,Google_Meet,1
Google,Google_Play,9
Google,Google_Play_Buku,1
Google,Google_Play_Musik,1
Google,Google_Search,2
Google,Google_Sheets,1
Google,Google_Sites,1
Google,Google_Terjemahan,59
Microsoft,Microsoft,3
Microsoft,Microsoft_Access,1
Microsoft,Microsoft_Bing,4
Microsoft,Microsoft_Excel,3
Microsoft,Microsoft_OneDrive,1
Microsoft,Microsoft_PowerPoint,3
Microsoft,Microsoft_Project,1
Microsoft,Microsoft_Windows,5
Microsoft,Microsoft_Word,2
Amazon,Amazon,1
Amazon,Amazon_Web_Services,1
Apple,Apple_AirPlay,1
Apple,Apple_Park,1
Apple,Apple_Silicon,2
Facebook,Facebook,6
Google,Google,10
Google,Google_AdSense,1
Google,Google_Maps,1
Google,Google_Workspace,4
Microsoft,Microsoft_Access,1
Microsoft,Microsoft_Excel,1
Microsoft,Microsoft_Office_2003,1
Microsoft,Microsoft_PowerPoint,1
Microsoft,Microsoft_Windows,1
Microsoft,Microsoft_Word,1
Amazon,Amazon,2
Amazon,Amazon_Air,1
Apple,Apple_Lisa,1
Apple,Apple_Lossless_Encoder,1
Apple,Apple_M3,1
Apple,Apple_Macintosh,1
Apple,Apple_Pippin,1
Apple,Apple_Vision_Pro,1
Apple,Apple_Watch,3
Apple,Apple_Watch_Series_8,1
Facebook,Facebook,23
Google,Google,4
Google,Google_Earth,2
Google,Google_Glass,1
Google,Google_Store,1
Google,Google_Street_View,1
Google,Google_Traduttore,1
Microsoft,Microsoft_Bing,1
Microsoft,Microsoft_Exchange_Server,1
Microsoft,Microsoft_Office,1
Microsoft,Microsoft_Office_2016,1
Microsoft,Microsoft_Office_2019,1
Microsoft,Microsoft_Office_2021,1
Microsoft,Microsoft_OneDrive,1
Microsoft,Microsoft_PowerPoint,1
Microsoft,Microsoft_SharePoint,1
Amazon,Amazon,2
Amazon,Amazon.co.jp,17
Amazon,Amazon.com,22
Amazon,Amazon.comの拠点一覧,1
Amazon,Amazon_Alexa,1
Amazon,Amazon_DynamoDB,1
Amazon,Amazon_Echo_Show,1
Amazon,Amazon_Fire_TV,2
Amazon,Amazon_Glacier,1
Amazon,Amazon_Kindle,1
Amazon,Amazon_MGMスタジオ,1
Amazon,Amazon_Pay,2
Amazon,Amazon_Prime_Air,1
Amazon,Amazon_Prime_Video,4
Amazon,Amazon_Vine,1
Amazon,Amazon_Web_Services,12
Apple,Apple,20
Apple,Apple_A10,1
Apple,Apple_A11,2
Apple,Apple_A12,2
Apple,Apple_A12X,1
Apple,Apple_A12Z,1
Apple,Apple_A12_Bionic,2
Apple,Apple_A13,6
Apple,Apple_A14,5
Apple,Apple_A15,7
Apple,Apple_A16,7
Apple,Apple_A17_Pro,8
Apple,Apple_A18,7
Apple,Apple_A19,13
Apple,Apple_A19_Pro,3
Apple,Apple_A4,4
Apple,Apple_A5,2
Apple,Apple_A6,1
Apple,Apple_A7,1
Apple,Apple_A8,1
Apple,Apple_A9,1
Apple,Apple_Account,3
Apple,Apple_Campus,1
Apple,Apple_Desktop_Bus,1
Apple,Apple_Filing_Protocol,1
Apple,Apple_H2,2
Apple,Apple_I,1
Apple,Apple_II,2
Apple,Apple_Intelligence,2
Apple,Apple_Keyboard,2
Apple,Apple_M1,15
Apple,Apple_M1_Max,4
Apple,Apple_M1_Pro,1
Apple,Apple_M2,8
Apple,Apple_M2_Pro,1
Apple,Apple_M3,11
Apple,Apple_M3_Max,1
Apple,Apple_M3_Pro,1
Apple,Apple_M3_Ultra,1
Apple,Apple_M4,37
Apple,Apple_M4_Max,13
Apple,Apple_M4_Pro,3
Apple,Apple_M5,51
Apple,Apple_Newton,1
Apple,Apple_Park,4
Apple,Apple_Pencil,5
Apple,Apple_S1,1
Apple,Apple_S9,1
Apple,Apple_Store,1
Apple,Apple_Studio_Display,4
Apple,Apple_T2,1
Apple,Apple_TV,3
Apple,Apple_TV+,6
Apple,Apple_TVアプリ,1
Apple,Apple_Type_Services_for_Unicode_Imaging,1
Apple,Apple_U1,2
Apple,Apple_Vision_Pro,5
Apple,Apple_W1,1
Apple,Apple_Watch,7
Apple,Apple_Watch_Series_10,3
Apple,Apple_Watch_Series_3,1
Apple,Apple_Watch_Series_6,1
Apple,Apple_Watch_Series_9,1
Facebook,Facebook,21
Google,Google,54
Google,Google.com,2
Google,Google_Analytics,3
Google,Google_Authenticator,3
Google,Google_Books_Ngram_Viewer,1
Google,Google_Chrome,8
Google,Google_Classroom,5
Google,Google_Cloud,7
Google,Google_DeepMind,2
Google,Google_Desktop,1
Google,Google_Duo,1
Google,Google_Earth,10
Google,Google_Earth_Pro,3
Google,Google_Fit,1
Google,Google_Glass,1
Google,Google_Gravity,4
Google,Google_Meet,2
Google,Google_Nest_(スマートスピーカー),1
Google,Google_Nexus,1
Google,Google_One,1
Google,Google_Panda,1
Google,Google_Patents,1
Google,Google_Pixel,9
Google,Google_Play,6
Google,Google_Play_Games,4
Google,Google_Public_DNS,3
Google,Google_Scholar,1
Google,Google_Sites,2
Google,Google_TV_(オペレーティングシステム),2
Google,Google_Travel,1
Google,Google_Workspace,2
Google,Google_アシスタント,1
Google,Google_カレンダー,2
Google,Google_ストリートビュー,4
Google,Google_スプレッドシート,5
Google,Google_ドライブ,6
Google,Google_ナレッジグラフ,3
Google,Google_フォーム,9
Google,Google_マップ,14
Google,Google_メッセージ,1
Google,Google_レンズ,1
Google,Google_日本語入力,2
Google,Google_検索,18
Google,Google_画像検索,1
Google,Google_翻訳,2
Microsoft,Microsoft,1
Microsoft,Microsoft_365,11
Microsoft,Microsoft_365_Copilot,1
Microsoft,Microsoft_Access,5
Microsoft,Microsoft_Azure,13
Microsoft,Microsoft_BASIC,1
Microsoft,Microsoft_Bing,1
Microsoft,Microsoft_Business_Productivity_Online_Suite,1
Microsoft,Microsoft_Certification_Program,2
Microsoft,Microsoft_Combat_Flight_Simulator,1
Microsoft,Microsoft_Compiled_HTML_Help,1
Microsoft,Microsoft_Copilot,6
Microsoft,Microsoft_Data_Access_Components,1
Microsoft,Microsoft_Defender_ウイルス対策,3
Microsoft,Microsoft_Developer_Network,3
Microsoft,Microsoft_DirectX,3
Microsoft,Microsoft_Dynamics,1
Microsoft,Microsoft_Dynamics_NAV,1
Microsoft,Microsoft_Edge,13
Microsoft,Microsoft_Excel,9
Microsoft,Microsoft_Exchange_Server,2
Microsoft,Microsoft_Expression,1
Microsoft,Microsoft_Expression_Blend,1
Microsoft,Microsoft_Expression_Web,1
Microsoft,Microsoft_Flight_Simulator,1
Microsoft,Microsoft_Forms,13
Microsoft,Microsoft_HoloLens,1
Microsoft,Microsoft_IntelliMouse,1
Microsoft,Microsoft_Internet_Security_and_Acceleration_Server,1
Microsoft,Microsoft_Intune,1
Microsoft,Microsoft_Jet_Database_Engine,2
Microsoft,Microsoft_Layer_for_Unicode,1
Microsoft,Microsoft_Lumia,1
Microsoft,Microsoft_Macro_Assembler,1
Microsoft,Microsoft_Math_Solver,1
Microsoft,Microsoft_Multiplan,1
Microsoft,Microsoft_Office,15
Microsoft,Microsoft_Office_Picture_Manager,2
Microsoft,Microsoft_Office_SharePoint_Designer,1
Microsoft,Microsoft_Office_SharePoint_Server,2
Microsoft,Microsoft_Office_Specialist,1
Microsoft,Microsoft_Office_ツール,1
Microsoft,Microsoft_OneDrive,10
Microsoft,Microsoft_OneNote,5
Microsoft,Microsoft_Outlook,4
Microsoft,Microsoft_Paint,2
Microsoft,Microsoft_Photo_Editor,1
Microsoft,Microsoft_Planner,1
Microsoft,Microsoft_PowerPoint,11
Microsoft,Microsoft_PowerToys,4
Microsoft,Microsoft_Project,1
Microsoft,Microsoft_Publisher,4
Microsoft,Microsoft_SQL_Server,2
Microsoft,Microsoft_SQL_Server_Express,1
Microsoft,Microsoft_SQL_Server_Management_Studio,1
Microsoft,Microsoft_SharePoint,40
Microsoft,Microsoft_Surface,5
Microsoft,Microsoft_Synthesizer,1
Microsoft,Microsoft_Teams,14
Microsoft,Microsoft_To_Do,1
Microsoft,Microsoft_UI_Automation,1
Microsoft,Microsoft_Update,3
Microsoft,Microsoft_Visio,3
Microsoft,Microsoft_Visual_Basic,3
Microsoft,Microsoft_Visual_C++,6
Microsoft,Microsoft_Visual_FoxPro,1
Microsoft,Microsoft_Visual_SourceSafe,1
Microsoft,Microsoft_Visual_Studio,21
Microsoft,Microsoft_Visual_Studio_Express,4
Microsoft,Microsoft_Web_Platform_Installer,1
Microsoft,Microsoft_Whiteboard,1
Microsoft,Microsoft_WinHelp,1
Microsoft,Microsoft_Windows,43
Microsoft,Microsoft_Windows_10,49
Microsoft,Microsoft_Windows_10X,1
Microsoft,Microsoft_Windows_10_IoT,7
Microsoft,Microsoft_Windows_10_Mobile,2
Microsoft,Microsoft_Windows_10のバージョン履歴,18
Microsoft,Microsoft_Windows_10のバージョン履歴/バージョン_1709,1
Microsoft,Microsoft_Windows_10のバージョン履歴/バージョン_1903,1
Microsoft,Microsoft_Windows_10のバージョン履歴/バージョン_2004,1
Microsoft,Microsoft_Windows_10のバージョン履歴/バージョン_20H2,1
Microsoft,Microsoft_Windows_10のバージョン履歴/バージョン_21H2,1
Microsoft,Microsoft_Windows_10のバージョン履歴/バージョン_22H2,6
Microsoft,Microsoft_Windows_11,51
Microsoft,"Microsoft_Windows_11,_version_21H2",1
Microsoft,"Microsoft_Windows_11,_version_23H2",2
Microsoft,"Microsoft_Windows_11,_version_24H2",4
Microsoft,Microsoft_Windows_11のバージョン履歴,38
Microsoft,Microsoft_Windows_2.0,5
Microsoft,Microsoft_Windows_2000,10
Microsoft,Microsoft_Windows_3.x,6
Microsoft,Microsoft_Windows_7,16
Microsoft,Microsoft_Windows_8,15
Microsoft,Microsoft_Windows_8.1,1
Microsoft,Microsoft_Windows_95,3
Microsoft,Microsoft_Windows_98,4
Microsoft,Microsoft_Windows_Embedded_CE,2
Microsoft,Microsoft_Windows_Home_Server_2011,2
Microsoft,Microsoft_Windows_Internet,1
Microsoft,Microsoft_Windows_Me,3
Microsoft,Microsoft_Windows_Millennium_Edition,4
Microsoft,Microsoft_Windows_NT,3
Microsoft,Microsoft_Windows_NT_3.1,1
Microsoft,Microsoft_Windows_Neptune,1
Microsoft,Microsoft_Windows_RT,1
Microsoft,Microsoft_Windows_SDK,1
Microsoft,Microsoft_Windows_Server_2003,1
Microsoft,Microsoft_Windows_Server_2008,2
Microsoft,Microsoft_Windows_Server_2008_R2,1
Microsoft,Microsoft_Windows_Server_2012,1
Microsoft,Microsoft_Windows_Server_2012_R2,1
Microsoft,Microsoft_Windows_Server_2016,9
Microsoft,Microsoft_Windows_Server_2019,7
Microsoft,Microsoft_Windows_Server_2022,8
Microsoft,Microsoft_Windows_Server_2025,6
Microsoft,Microsoft_Windows_Vista,11
Microsoft,Microsoft_Windows_XP,19
Microsoft,Microsoft_Windows_XP_Professional_x64_Edition,1
Microsoft,Microsoft_Windowsの歴代バージョンの比較,4
Microsoft,Microsoft_Word,11
Microsoft,Microsoft_Works,1
Microsoft,Microsoft_アカウント,3
Amazon,Amazon.co.jp,8
Amazon,Amazon.com,21
Amazon,Amazon.comの拠点一覧,1
Amazon,Amazon_Alexa,1
Amazon,Amazon_Elastic_Compute_Cloud,1
Amazon,Amazon_Fire,1
Amazon,Amazon_Fire_TV,1
Amazon,Amazon_Kindle,3
Amazon,Amazon_MGMスタジオ,3
Amazon,Amazon_Music,1
Amazon,Amazon_Prime_Video,3
Amazon,Amazon_Studios,1
Amazon,Amazon_Web_Services,3
Apple,Apple,19
Apple,Apple_A10,2
Apple,Apple_A11,1
Apple,Apple_A14,2
Apple,Apple_A15,1
Apple,Apple_A16,4
Apple,Apple_A17_Pro,3
Apple,Apple_A18,2
Apple,Apple_A19,3
Apple,Apple_A19_Pro,1
Apple,Apple_A4,2
Apple,Apple_A5,2
Apple,Apple_A6,5
Apple,Apple_A7,1
Apple,Apple_A8,1
Apple,Apple_A9,1
Apple,Apple_Campus,1
Apple,Apple_Cinema_Display,1
Apple,Apple_Intelligence,1
Apple,Apple_M1,4
Apple,Apple_M1_Max,2
Apple,Apple_M1_Pro,3
Apple,Apple_M1_Ultra,2
Apple,Apple_M2,3
Apple,Apple_M2_Pro,4
Apple,Apple_M2_Ultra,1
Apple,Apple_M3,2
Apple,Apple_M3_Max,1
Apple,Apple_M3_Pro,1
Apple,Apple_M4,8
Apple,Apple_M4_Max,3
Apple,Apple_M4_Pro,2
Apple,Apple_M5,9
Apple,Apple_Music,2
Apple,Apple_Newton,1
Apple,Apple_One,1
Apple,Apple_Park,1
Apple,Apple_Pencil,1
Apple,Apple_Remote,4
Apple,Apple_T2,1
Apple,Apple_TV,1
Apple,Apple_TV+,1
Apple,Apple_TVアプリ,1
Apple,Apple_Vision_Pro,4
Apple,Apple_Watch,6
Apple,Apple_Watch_Series_5,2
Apple,Apple_Watch_Series_7,1
Facebook,Facebook,19
Google,Google,17
Google,Google_AdSense,1
Google,Google_Apps_Script,1
Google,Google_Books_Ngram_Viewer,2
Google,Google_Chrome,2
Google,Google_Classroom,1
Google,Google_Doodle,2
Google,Google_Earth,6
Google,Google_Earth_Pro,4
Google,Google_Gravity,1
Google,Google_Keep,1
Google,Google_Nexus,4
Google,Google_One,1
Google,Google_Pixel,5
Google,Google_Play_Games,2
Google,Google_Play_Music,2
Google,Google_Play開発者サービス,1
Google,Google_Public_DNS,1
Google,Google_Scholar,1
Google,Google_Stadia,1
Google,Google_TV,2
Google,Google_Tensor,1
Google,Google_Wallet,1
Google,Google_Workspace,1
Google,Google_アシスタント,1
Google,Google_カレンダー,2
Google,Google_ストリートビュー,3
Google,Google_スプレッドシート,4
Google,Google_スライド,2
Google,Google_ドキュメント,2
Google,Google_ドライブ,1
Google,Google_ニュース,1
Google,Google_フォト,1
Google,Google_ポッドキャスト,1
Google,Google_マップ,5
Google,Google_レンズ,4
Google,Google_検索,8
Google,Google_画像検索,1
Google,Google_翻訳,1
Microsoft,Microsoft,1
Microsoft,Microsoft_365,2
Microsoft,Microsoft_365_Copilot,1
Microsoft,Microsoft_Bing,1
Microsoft,Microsoft_Certification_Program,3
Microsoft,Microsoft_Copilot,1
Microsoft,Microsoft_DirectX,1
Microsoft,Microsoft_Edge,2
Microsoft,Microsoft_Excel,4
Microsoft,Microsoft_Flight_Simulator,2
Microsoft,Microsoft_Flight_Simulator_(2020年),1
Microsoft,Microsoft_HoloLens,2
Microsoft,Microsoft_Intune,1
Microsoft,Microsoft_Launcher,1
Microsoft,Microsoft_Office,7
Microsoft,Microsoft_Office_2003,1
Microsoft,Microsoft_Office_Picture_Manager,1
Microsoft,Microsoft_OneDrive,4
Microsoft,Microsoft_Online_Services,1
Microsoft,Microsoft_Outlook,1
Microsoft,Microsoft_PixelSense,1
Microsoft,Microsoft_Publisher,1
Microsoft,Microsoft_SharePoint,1
Microsoft,Microsoft_Surface,2
Microsoft,Microsoft_Teams,1
Microsoft,Microsoft_Update,5
Microsoft,Microsoft_Windows,35
Microsoft,Microsoft_Windows_1.0,1
Microsoft,Microsoft_Windows_10,29
Microsoft,Microsoft_Windows_10X,1
Microsoft,Microsoft_Windows_10_IoT,1
Microsoft,Microsoft_Windows_10_Mobile,2
Microsoft,Microsoft_Windows_10のバージョン履歴,2
Microsoft,Microsoft_Windows_10のバージョン履歴/バージョン_20H2,1
Microsoft,Microsoft_Windows_11,24
Microsoft,Microsoft_Windows_11のバージョン履歴,1
Microsoft,Microsoft_Windows_2.0,2
Microsoft,Microsoft_Windows_2000,7
Microsoft,Microsoft_Windows_3.x,10
Microsoft,Microsoft_Windows_7,2
Microsoft,Microsoft_Windows_8,2
Microsoft,Microsoft_Windows_95,7
Microsoft,Microsoft_Windows_98,1
Microsoft,Microsoft_Windows_Embedded_CE,1
Microsoft,Microsoft_Windows_Installer,1
Microsoft,Microsoft_Windows_NT,3
Microsoft,Microsoft_Windows_NT_3.51,2
Microsoft,Microsoft_Windows_NT_4.0,2
Microsoft,Microsoft_Windows_Vista,5
Microsoft,Microsoft_Windows_XP,2
Microsoft,Microsoft_Word,1
Microsoft,Microsoft_Paint,2
Apple,Apple_akkauntı,1
Amazon,Amazon.com,2
Microsoft,Microsoft_Access,1
Microsoft,Microsoft_Excel,1
Microsoft,Microsoft_Office,4
Microsoft,Microsoft_Office_Word,1
Apple,Apple_Inc.,2
Google,Google,1
Google,Google_Chrome,1
Google,Google_Drive,1
Microsoft,Microsoft,2
Facebook,Facebook,1
Google,Google,1
Apple,Apple_TV+,1
Google,Google_OTP,1
Google,Google_Chrome,5
Amazon,Amazon_(kompanî),1
Google,Google_Earth,1
Google,Google_(компания),1
Microsoft,Microsoft_Excel,1
Microsoft,Microsoft_Windows,2
Apple,Apple_Inc.,1
Google,Google_Street_View,2
Google,Google,1
Facebook,Facebook,2
Google,Google_Code-in,1
Google,Google_Code-in_2014,1
Google,Google_Summer_of_Code,1
Google,Google_Summer_of_Code/2010,1
Google,Google_Summer_of_Code/2024,2
Google,Google_Summer_of_Code/Past_projects,1
Microsoft,Microsoft_Corporation,1
Apple,Apple,1
Facebook,Facebook,1
Google,Google_Chrome,2
Amazon,Amazon_Web_Services,1
Facebook,Facebook,1
Google,Google_Terjemah,2
Google,Google,1
Apple,Apple_Pay,1
Facebook,Facebook,8
Google,Google_Chrome,1
Google,Google_Street_View,2
Microsoft,Microsoft_Access,1
Microsoft,Microsoft_Office,1
Apple,Apple_Inc.,1
Apple,Apple_TV_(hardware),1
Facebook,Facebook,10
Google,Google_LLC,3
Google,Google_Sheets,1
Google,Google_Street_View,1
Google,Google_Translate,1
Microsoft,Microsoft,1
Microsoft,Microsoft_Azure,1
Microsoft,Microsoft_Windows,1
Amazon,Amazon.com,2
Apple,Apple_Macintosh,1
Microsoft,Microsoft_Teams,1
Facebook,Facebook,2
Google,Google_Oversetter,1
Microsoft,Microsoft_Windows,1
Amazon,Amazon.com,1
Google,Google,1
Google,Google_Chrome,1
Google,Google_Search,1
Google,Google_Translate,1
Google,Google_Maps,1
Facebook,Facebook,4
Google,Google,3
Google,Google_Chrome,2
Google,Google_Maps,1
Google,Google_Optimize,1
Microsoft,Microsoft_Office,1
Microsoft,Microsoft_SharePoint,1
Microsoft,Microsoft_Teams,1
Microsoft,Microsoft_Windows,1
Apple,Apple_pie,1
Facebook,Facebook,7
Google,Google,4
Google,Google_Chrome,1
Google,Google_Pay,1
Google,Google_Street_View,1
Microsoft,Microsoft_Design_Language,1
Microsoft,Microsoft_Edge,1
Microsoft,Microsoft_SharePoint,1
Amazon,Amazon,5
Amazon,Amazon_Aurora,1
Amazon,Amazon_Mechanical_Turk,1
Apple,Apple,2
Apple,Apple_Inc.,1
Apple,Apple_Lisa,1
Apple,Apple_Pay,1
Facebook,Facebook,3
Facebook,Facebook_Messenger,1
Google,Google,10
Google,Google_Chat,1
Google,Google_Chrome,1
Google,Google_Hacking,2
Google,Google_Play_Services,1
Google,Google_Stadia,1
Google,Google_Tradutor,1
Microsoft,Microsoft_Gaming,1
Microsoft,Microsoft_Windows,1
Microsoft,Microsoft_Word,3
Amazon,Amazon.com.br,1
Amazon,Amazon_Alexa,1
Amazon,Amazon_Web_Services,1
Apple,Apple,4
Apple,Apple_IIGS,1
Apple,Apple_Lisa,1
Apple,Apple_M7,1
Apple,Apple_TV_(aplicativo),1
Apple,Apple_TV_(serviço_de_streaming),1
Facebook,Facebook,8
Google,Google,3
Google,Google_Calendar,1
Google,Google_Docs,1
Google,Google_Fotos,1
Google,Google_Play_Services,1
Google,Google_Search_Console,1
Google,Google_Street_View,1
Google,Google_Tradutor,1
Microsoft,Microsoft,3
Microsoft,Microsoft_Cortana,1
Microsoft,Microsoft_Excel,1
Microsoft,Microsoft_Garage,1
Microsoft,Microsoft_Hotmail,1
Microsoft,Microsoft_Paint,1
Microsoft,Microsoft_Windows,4
Google,Google_Play,1
Facebook,Facebook,1
Google,Google,1
Amazon,Amazon_(companie),2
Amazon,Amazon_Prime_Video,2
Facebook,Facebook,7
Facebook,Facebook_Messenger,1
Google,Google_Traducere,2
Microsoft,Microsoft_Excel,3
Microsoft,Microsoft_PowerPoint,2
Microsoft,Microsoft_Teams,1
Microsoft,Microsoft_Word,1
Amazon,Amazon,4
Amazon,Amazon_EC2,1
Amazon,Amazon_Kindle,1
Apple,Apple,8
Apple,Apple_A10,1
Apple,Apple_A11,1
Apple,Apple_A8,1
Apple,Apple_Desktop_Bus,1
Apple,Apple_II,1
Apple,Apple_M3,1
Apple,Apple_M4,1
Apple,Apple_R1,2
Apple,Apple_Silicon,2
Apple,Apple_Studios,1
Apple,Apple_TV,1
Apple,Apple_Watch,2
Facebook,Facebook,4
Google,Google,1
Google,Google_(компания),17
Google,Google_(поисковая_система),5
Google,Google_App_Engine,1
Google,Google_Arts_&_Culture,1
Google,Google_Brain,1
Google,Google_Chrome,11
Google,Google_Code_Jam,1
Google,Google_Doodle,1
Google,Google_Meet,1
Google,Google_Play,2
Google,Google_Public_DNS,2
Google,Google_Sidewiki,1
Google,Google_Voice,1
Google,Google_Web_Toolkit,2
Google,Google_Диск,2
Google,Google_Документы,4
Google,Google_Карты,6
Google,Google_Новости,1
Google,Google_Переводчик,5
Google,Google_Планета_Земля,1
Google,Google_Сообщения,1
Google,Google_Фото,4
Microsoft,Microsoft,3
Microsoft,Microsoft_Access,1
Microsoft,Microsoft_Azure,2
Microsoft,Microsoft_Dynamics_NAV,2
Microsoft,Microsoft_Edge,2
Microsoft,Microsoft_Excel,7
Microsoft,Microsoft_Exchange_Server,1
Microsoft,Microsoft_Flight_Simulator_2024,1
Microsoft,Microsoft_Foundation_Classes,1
Microsoft,Microsoft_Gaming,1
Microsoft,Microsoft_Lync,1
Microsoft,Microsoft_Message_Passing_Interface,1
Microsoft,Microsoft_Office,6
Microsoft,Microsoft_Office_2021,1
Microsoft,Microsoft_Outlook,2
Microsoft,Microsoft_Paint,8
Microsoft,Microsoft_PowerPoint,6
Microsoft,Microsoft_SQL_Server,1
Microsoft,Microsoft_Security_Essentials,1
Microsoft,Microsoft_Teams,4
Microsoft,Microsoft_Train_Simulator,2
Microsoft,Microsoft_Visio,1
Microsoft,Microsoft_Visual_C++,1
Microsoft,Microsoft_Visual_Studio,5
Microsoft,Microsoft_Windows,2
Microsoft,Microsoft_Word,10
Microsoft,Microsoft_Excel/Маркер_автозаполнения,1
Amazon,Amazon,10
Amazon,Amazon.com,1
Amazon,Amazon_Alexa,3
Amazon,Amazon_Appstore,1
Amazon,Amazon_Kindle,1
Amazon,Amazon_Kindle_Fire,1
Amazon,Amazon_Prime_Video,1
Amazon,Amazon_Web_Services,2
Apple,Apple,18
Apple,Apple_A13,1
Apple,Apple_A14,2
Apple,Apple_A18,2
Apple,Apple_A19,3
Apple,Apple_A7,1
Apple,Apple_A8,1
Apple,Apple_AirTag,1
Apple,Apple_Arcade,2
Apple,Apple_Books,1
Apple,Apple_Corps,1
Apple,Apple_Fitness,1
Apple,Apple_I,2
Apple,Apple_II,2
Apple,Apple_III,1
Apple,Apple_Inc.,1
Apple,Apple_Intelligence,3
Apple,Apple_Lisa,1
Apple,Apple_Lossless,1
Apple,Apple_M4,2
Apple,Apple_M7,1
Apple,Apple_Park,1
Apple,Apple_Pay,1
Apple,Apple_Pippin,1
Apple,Apple_S9,1
Apple,Apple_Silicon,3
Apple,Apple_Store,1
Apple,Apple_TV,1
Apple,Apple_TV+,1
Apple,Apple_TV_(стриминговый_сервис),1
Apple,Apple_TV_4K_(3-го_поколения),1
Apple,Apple_Vision_Pro,3
Apple,Apple_Watch,10
Apple,Apple_Watch_SE,2
Apple,Apple_Watch_Series_10,1
Apple,Apple_Watch_Series_11,1
Apple,Apple_Watch_Series_3,1
Apple,Apple_Watch_Series_4,1
Apple,Apple_Watch_Series_5,1
Apple,Apple_Watch_Ultra,1
Apple,Apple_Watch_Ultra_2,1
Facebook,Facebook,6
Facebook,Facebook_Messenger,1
Google,Google,3
Google,Google_(компания),29
Google,Google_(поисковая_система),5
Google,Google_AI,1
Google,Google_Allo,1
Google,Google_Assistant,3
Google,Google_Chrome,7
Google,Google_Cloud_Platform,1
Google,Google_Glass,3
Google,Google_Global_Cache,1
Google,Google_Guice,1
Google,Google_I/O,1
Google,Google_Meet,3
Google,Google_Now,1
Google,Google_Pay,1
Google,Google_Pixel,2
Google,Google_Play,14
Google,Google_Play_Games,1
Google,Google_Play_Music,1
Google,Google_Play_Pass,1
Google,Google_Public_DNS,2
Google,Google_Street_View,1
Google,Google_TV_(операционная_система),1
Google,Google_Диск,1
Google,Google_Документы,1
Google,Google_Карты,6
Google,Google_Класс,1
Google,Google_Переводчик,12
Google,Google_Планета_Земля,6
Google,Google_Фото,2
Microsoft,Microsoft,9
Microsoft,Microsoft_365,1
Microsoft,Microsoft_365_Copilot,3
Microsoft,Microsoft_Access,1
Microsoft,Microsoft_Analysis_Services,1
Microsoft,Microsoft_Azure,1
Microsoft,Microsoft_Edge,1
Microsoft,Microsoft_Excel,4
Microsoft,Microsoft_Gaming,1
Microsoft,Microsoft_Lumia_640,1
Microsoft,Microsoft_Mahjong,2
Microsoft,Microsoft_Neptune,1
Microsoft,Microsoft_Office,6
Microsoft,Microsoft_Office_2021,1
Microsoft,Microsoft_Outlook,2
Microsoft,Microsoft_Paint,1
Microsoft,Microsoft_PowerPoint,3
Microsoft,Microsoft_Publisher,1
Microsoft,Microsoft_Research,1
Microsoft,Microsoft_SQL_Server,1
Microsoft,Microsoft_Security_Essentials,1
Microsoft,Microsoft_Silverlight,1
Microsoft,Microsoft_Solitaire,2
Microsoft,Microsoft_Solitaire_Collection,1
Microsoft,Microsoft_Store_(программа),1
Microsoft,Microsoft_Tablet_PC,1
Microsoft,Microsoft_Teams,1
Microsoft,Microsoft_Tinker,1
Microsoft,Microsoft_Visio,3
Microsoft,Microsoft_Visual_C++,1
Microsoft,Microsoft_Word,6
Microsoft,Microsoft_XNA,1
Microsoft,Microsoft_Excel/Общие_операции_над_листами_и_ячейками_рабочей_книги,1
Microsoft,Microsoft_Excel/Ссылки,1
Amazon,Amazon,1
Amazon,Amazon_(company),1
Facebook,Facebook,1
Google,Google,1
Amazon,Amazon_River,1
Amazon,Amazon_rainforest,1
Apple,Apple,1
Apple,Apple_Inc.,1
Google,Google_Glass,1
Google,Google_Translate,2
Microsoft,Microsoft_Publisher,1
Amazon,Amazon_rainforest,1
Apple,Apple_Vision_Pro,1
Facebook,Facebook_Messenger,1
Google,Google,3
Google,Google_Drive,1
Google,Google_Meet,1
Microsoft,Microsoft,1
Microsoft,Microsoft_Bing,2
Amazon,Amazon.com,1
Facebook,Facebook,3
Google,Google,1
Microsoft,Microsoft_Word,2
Apple,Apple,1
Apple,Apple_ProRes,1
Microsoft,Microsoft_Windows,3
Google,Google_Wave,1
Google,Google,2
Apple,Apple_A19,1
Google,Google,1
Apple,Apple_stem_pitting_virus,1
Apple,Apple_Watch,1
Google,Google_Earth,2
Microsoft,Microsoft_Windows,1
Apple,Apple_Watch,1
Facebook,Facebook,8
Google,Google,5
Google,Google_(sökmotor),2
Microsoft,Microsoft,3
Microsoft,Microsoft_365,1
Microsoft,Microsoft_Visio,1
Apple,Apple_Cider_Vinegar,1
Facebook,Facebook,8
Microsoft,Microsoft_Windows,1
Microsoft,Microsoft_Windows,1
Apple,Apple_juice,2
Microsoft,Microsoft_Outlook,1
Microsoft,Microsoft_Windows,5
Microsoft,Microsoft_Word,1
Google,Google,1
Microsoft,Microsoft_PowerPoint,1
Amazon,Amazon_(şirket),2
Apple,Apple_I,3
Apple,Apple_Mail,1
Apple,Apple_Watch,1
Facebook,Facebook,1
Google,Google,1
Google,Google_Ads,1
Google,Google_Cloud_Print,1
Google,Google_Drive,2
Google,Google_Earth,1
Google,Google_Search_Console,1
Google,Google_TV_(servis),1
Microsoft,Microsoft_Copilot,1
Microsoft,Microsoft_Word,1
Amazon,Amazon_(şirket),3
Amazon,Amazon_Nehri,1
Amazon,Amazon_Ormanları,2
Apple,Apple,1
Apple,Apple_tarafından_satın_alınan_şirketler_listesi,1
Facebook,Facebook,11
Google,Google,9
Google,Google_Cardboard,1
Google,Google_Fotoğraflar,3
Google,Google_Haritalar,3
Google,Google_Play,2
Google,Google_Play_Gazetelik,1
Google,Google_Çeviri,1
Microsoft,Microsoft,1
Microsoft,Microsoft_Bing,1
Microsoft,Microsoft_SQL_Server,1
Microsoft,Microsoft_Teams,1
Microsoft,Microsoft_Windows,2
Facebook,Facebook,1
Google,Google,1
Apple,Apple_A12,1
Apple,Apple_A8X,1
Apple,Apple_Film_Production,2
Apple,Apple_M1,1
Facebook,Facebook,2
Google,Google,1
Google,Google_AdSense,1
Google,Google_Cloud_Print,1
Google,Google_Drive,1
Google,Google_Фото,2
Microsoft,Microsoft_Office,1
Microsoft,Microsoft_Silverlight,1
Apple,Apple_Inc.,7
Facebook,Facebook,1
Google,Google,4
Microsoft,Microsoft,1
Microsoft,Microsoft_Excel,6
Microsoft,Microsoft_OneNote,1
Microsoft,Microsoft_PowerPoint,8
Microsoft,Microsoft_Windows,2
Microsoft,Microsoft_Word,5
Amazon,Amazon_(shirkat),2
Amazon,Amazon_daryosi,1
Amazon,Amazon_oʻrmonlari,1
Google,Google,1
Google,Google_Chat,1
Google,Google_Tarjimon,2
Microsoft,Microsoft_Access,1
Microsoft,Microsoft_Excel,9
Microsoft,Microsoft_Office,1
Microsoft,Microsoft_PowerPoint,1
Microsoft,Microsoft_Windows,2
Microsoft,Microsoft_Word,5
Google,Google_Chrome,1
Google,Google_Chrome,1
Amazon,Amazon_(công_ty),4
Apple,Apple,1
Apple,Apple_A8,1
Apple,Apple_Inc.,5
Apple,Apple_Watch_SE,1
Apple,Apple_Watch_Series_6,1
Facebook,Facebook,8
Facebook,Facebook_Messenger,1
Google,Google,7
Google,Google_AI,1
Google,Google_Ads,1
Google,Google_Docs,1
Google,Google_Drive,1
Google,Google_Dịch,9
Google,Google_Forms,2
Google,Google_Sites,1
Google,Google_Video,1
Microsoft,Microsoft,4
Microsoft,Microsoft_365,1
Microsoft,Microsoft_Access,1
Microsoft,Microsoft_Excel,2
Microsoft,Microsoft_Lumia_540,1
Microsoft,Microsoft_Office,1
Microsoft,Microsoft_Office_2007,1
Microsoft,Microsoft_Office_2016,2
Microsoft,Microsoft_Office_2021,1
Microsoft,Microsoft_Outlook,4
Microsoft,Microsoft_Paint,1
Microsoft,Microsoft_PowerPoint,2
Microsoft,Microsoft_Power_BI,1
Microsoft,Microsoft_Project,1
Microsoft,Microsoft_Windows,1
Microsoft,Microsoft_Word,1
Amazon,Amazon_(công_ty),1
Amazon,Amazon_Prime_Video,3
Apple,Apple_A12,1
Apple,Apple_A5X,1
Apple,Apple_Books,1
Apple,Apple_ID,1
Apple,Apple_Inc.,8
Apple,Apple_Intelligence,1
Apple,Apple_M8,1
Apple,Apple_Watch,2
Apple,Apple_Watch_Series_4,1
Facebook,Facebook,30
Google,Google,14
Google,Google_Buzz,1
Google,Google_Chrome,2
Google,Google_Drive,3
Google,Google_Dịch,21
Google,Google_Home,1
Google,Google_Maps,1
Google,Google_Photos,5
Google,Google_Play,2
Google,Google_Play_Pass,1
Google,Google_Tìm_kiếm,2
Microsoft,Microsoft,2
Microsoft,Microsoft_Azure,1
Microsoft,Microsoft_PowerPoint,2
Microsoft,Microsoft_Windows,2
Microsoft,Microsoft_Word,5
Google,Google_Code-in/2014,1
Google,Google_Code-in/2015,1
Google,Google_Summer_of_Code,1
Google,Google_Summer_of_Code/2015,1
Google,Google_Summer_of_Code/2017,2
Amazon,Amazon.cn,2
Amazon,Amazon_Luna,2
Amazon,Amazon_Prime_Video,1
Apple,Apple_A10_Fusion,1
Apple,Apple_A11_Bionic,3
Apple,Apple_A12_Bionic,2
Apple,Apple_A14,1
Apple,Apple_A15,2
Apple,Apple_A16,3
Apple,Apple_A17_Pro,3
Apple,Apple_A18,1
Apple,Apple_A4,2
Apple,Apple_A5,2
Apple,Apple_A7,2
Apple,Apple_Books,4
Apple,Apple_Computer,1
Apple,Apple_Darwin,1
Apple,Apple_I,1
Apple,Apple_II,2
Apple,Apple_III,1
Apple,Apple_Inc,1
Apple,Apple_Intelligence,5
Apple,Apple_M1,5
Apple,Apple_M1_Pro和M1_Max,4
Apple,Apple_M3,1
Apple,Apple_M4,3
Apple,Apple_One,1
Apple,Apple_Park,1
Apple,Apple_Pay,1
Apple,Apple_Pencil,2
Apple,Apple_Silicon,5
Apple,Apple_Store,3
Apple,Apple_TV,1
Apple,Apple_TV+原創韓國劇集列表,2
Apple,Apple_Vision_Pro,7
Apple,Apple_Watch,1
Facebook,Facebook,62
Facebook,Facebook_Messenger,4
Facebook,Facebook_Watch,2
Google,Google,25
Google,Google_Ads,2
Google,Google_App_Engine,2
Google,Google_Assistant,1
Google,Google_Chrome扩展程序,3
Google,Google_Chrome版本历史,3
Google,Google_Code-in,1
Google,Google_DeepMind,2
Google,Google_FeedBurner,1
Google,Google_Fit,1
Google,Google_Glass,1
Google,Google_Home,1
Google,Google_Nest,2
Google,Google_Pay,1
Google,Google_Pixel,4
Google,Google_Play图书,2
Google,Google_Play服務,1
Google,Google_Play游戏,1
Google,Google_Swiffy,1
Google,Google_Talk,1
Google,Google_Tensor,2
Google,Google_Ventures,1
Google,Google_Wallet,1
Google,Google_Wifi,2
Google,Google_翻译,1
Microsoft,Microsoft_365_Copilot,1
Microsoft,Microsoft_Access,1
Microsoft,Microsoft_Azure,1
Microsoft,Microsoft_Azure_,1
Microsoft,Microsoft_Azure_Service_Fabric,1
Microsoft,Microsoft_Azure_虛擬機器服務,1
Microsoft,Microsoft_BASIC,1
Microsoft,Microsoft_Bing,2
Microsoft,Microsoft_Edge,1
Microsoft,Microsoft_Excel,3
Microsoft,Microsoft_MapPoint,2
Microsoft,Microsoft_Messenger_service,2
Microsoft,Microsoft_Office,4
Microsoft,Microsoft_Office_2010,1
Microsoft,Microsoft_Office_2016,1
Microsoft,Microsoft_Office_2019,1
Microsoft,Microsoft_Office_2021,2
Microsoft,Microsoft_Office_2024,5
Microsoft,Microsoft_Office_98_Macintosh_版,2
Microsoft,Microsoft_Office_website,1
Microsoft,Microsoft_Outlook,1
Microsoft,Microsoft_PowerPoint,5
Microsoft,Microsoft_Power_Fx,1
Microsoft,Microsoft_SQL_Server,2
Microsoft,Microsoft_Servers,1
Microsoft,Microsoft_Teams,1
Microsoft,Microsoft_Update,1
Microsoft,Microsoft_Visual_Studio,1
Microsoft,Microsoft_Windows,4
Microsoft,Microsoft_Windows字型列表,4
Microsoft,Microsoft_Windows的历史,2
Microsoft,Microsoft_Windows的歷史,1
Amazon,Amazon_Alexa,1
Apple,Apple_Books,1
Google,Google_Play,1
Google,Google_Chrome/下載安裝,1
Microsoft,Microsoft_SQL_Server/Table_manipulation,1
Amazon,Amazon.com,1
Amazon,Amazon_Prime_Video,2
Apple,Apple_A13,1
Apple,Apple_A14,2
Apple,Apple_A15,1
Apple,Apple_A9,1
Apple,Apple_BASIC,1
Apple,Apple_Lisa,2
Apple,Apple_M1,2
Apple,Apple_M2,1
Apple,Apple_M3,1
Apple,Apple_M4,2
Apple,Apple_Music,1
Apple,Apple_One,1
Apple,Apple_Park,1
Apple,Apple_Pay,2
Apple,Apple_Store,1
Apple,Apple_TV,4
Apple,Apple_TV+,1
Apple,Apple_TV_(應用程式),2
Apple,Apple_Vision_Pro,4
Apple,Apple_Watch,1
Apple,Apple_Watch_SE_(第一代),1
Apple,Apple_三里屯,1
Apple,Apple_信義A13,2
Facebook,Facebook,10
Google,Google,10
Google,Google_Ads,2
Google,Google_Android,1
Google,Google_Chat,1
Google,Google_Chrome,1
Google,Google_Chrome版本历史,1
Google,Google_Code-in,1
Google,Google_DeepMind,1
Google,Google_Home,2
Google,Google_I/O,1
Google,Google_Lens,1
Google,Google_Pay,1
Google,Google_Pixel,1
Google,Google_Pixel_Watch,2
Google,Google_Play图书,1
Google,Google_Public_DNS,1
Google,Google_TV,1
Google,Google_TV_(智能电视平台),1
Google,Google_doodle,1
Microsoft,Microsoft_365_Copilot,1
Microsoft,Microsoft_Azure,2
Microsoft,Microsoft_Defender,1
Microsoft,Microsoft_Excel,1
Microsoft,Microsoft_Mahjong,1
Microsoft,Microsoft_Office,1
Microsoft,Microsoft_Office_2021,1
Microsoft,Microsoft_Office_2024,1
Microsoft,Microsoft_Outlook,2
Microsoft,Microsoft_PowerToys,1
Microsoft,Microsoft_Windows,3
Microsoft,Microsoft_Windows字型列表,3
Apple,Apple,1
Apple,Apple_Vision_Pro引多人眼球血管破裂,1
